patch_name,cdragon_patch,prefix_patch,notes_url,section,subject,champion_folder,slot,quote,kind_guess,confidence,notes
26.19,16.19,16.18,https://www.leagueoflegends.com/en-us/news/game-updates/league-of-legends-patch-26-19-notes/,Classic / Champions,Poppy Q - Devastating Blow,poppy,Q,"Tooltip: Updated to clarify crit damage, damage cap, and the Spellblade interaction.",wording,borderline,"tooltip improvement or clarification, not a stated bug; not phrased as a fix"
26.19,16.19,16.18,https://www.leagueoflegends.com/en-us/news/game-updates/league-of-legends-patch-26-19-notes/,Classic / Bugfixes,Sona,sona,E,Fixed a bug where Sona's Song of Celerity description incorrectly stated that its effect applied only to champions.,wording,high,
26.19,16.19,16.18,https://www.leagueoflegends.com/en-us/news/game-updates/league-of-legends-patch-26-19-notes/,ARAM: Mayhem / Bugfixes,,,,Fixed a bug where Clown College used the wrong text color for true damage.,wording,borderline,game mode: ARAM; weak text signal
26.19,16.19,16.18,https://www.leagueoflegends.com/en-us/news/game-updates/league-of-legends-patch-26-19-notes/,Bugfixes & QoL Changes,Aatrox,aatrox,Q,Fixed a bug where Aatrox Q sweetspots use crit text instead of enhanced damage text.,other,borderline,weak text signal
26.18,16.18,16.17,https://www.leagueoflegends.com/en-us/news/game-updates/league-of-legends-patch-26-18-notes/,Classic / Bugfixes,Akali,akali,Q,Fixed a bug where Akali's Q cast indicator did not accurately reflect its cast range.,typed_number,borderline,weak text signal
26.18,16.18,16.17,https://www.leagueoflegends.com/en-us/news/game-updates/league-of-legends-patch-26-18-notes/,Classic / Bugfixes,Akali,akali,R,Fixed a bug where Akali's R cast indicator did not accurately reflect its cast range.,typed_number,borderline,weak text signal
26.18,16.18,16.17,https://www.leagueoflegends.com/en-us/news/game-updates/league-of-legends-patch-26-18-notes/,ARAM: Mayhem / Bugfixes,Ultra Hydra,,,Fixed a bug where Clown College's Deceive dealt incorrect damage with critical strike ratio.,typed_number,borderline,game mode: ARAM; weak text signal
26.17,16.17,16.16,https://www.leagueoflegends.com/en-us/news/game-updates/league-of-legends-patch-26-17-notes/,Classic / Champions,Blitzcrank Passive - Mana Barrier,blitzcrank,P,Tooltip: Clarifies that Mana Barrier only pops if Blitzcrank is below 20% Health when taking damage.,wording,borderline,"tooltip improvement or clarification, not a stated bug; not phrased as a fix"
26.17,16.17,16.16,https://www.leagueoflegends.com/en-us/news/game-updates/league-of-legends-patch-26-17-notes/,Classic / Champions,Heimerdinger W - Hextech Micro-Rockets,heimerdinger,W,Range Display: Now accurately displays the actual missile range.,typed_number,borderline,weak text signal
26.17,16.17,16.16,https://www.leagueoflegends.com/en-us/news/game-updates/league-of-legends-patch-26-17-notes/,Classic / Bugfixes,Nidalee,nidalee,W,"Fixed bugs where Nidalee’s Bushwhack/Pounce (W) tooltip omitted the trap duration, displayed debug text for Cougar Form damage values, and displayed incorrect spacing and text colors.",typed_number,high,
26.17,16.17,16.16,https://www.leagueoflegends.com/en-us/news/game-updates/league-of-legends-patch-26-17-notes/,Classic / Bugfixes,Anivia,anivia,Q,Fixed a bug where Anivia’s Q tooltip did not show the slow duration.,typed_number,high,
26.17,16.17,16.16,https://www.leagueoflegends.com/en-us/news/game-updates/league-of-legends-patch-26-17-notes/,Classic / Bugfixes,Kassadin,kassadin,P,Fixed a bug where Kassadin’s Passive tooltip did not accurately reflect that Kassadin gains Attack Speed based on damage mitigated.,other,high,
26.17,16.17,16.16,https://www.leagueoflegends.com/en-us/news/game-updates/league-of-legends-patch-26-17-notes/,Classic / Bugfixes,Lee Sin,leesin,Q,Fixed a bug where Lee Sin’s Q tooltip did not clarify its damage cap to monsters.,wording,high,
26.17,16.17,16.16,https://www.leagueoflegends.com/en-us/news/game-updates/league-of-legends-patch-26-17-notes/,Classic / Bugfixes,Leona,leona,Q,Fixed a bug where Leona’s Q tooltip did not show the accurate stun duration.,typed_number,high,
26.17,16.17,16.16,https://www.leagueoflegends.com/en-us/news/game-updates/league-of-legends-patch-26-17-notes/,Classic / Bugfixes,Soraka,soraka,W,Fixed a bug where Soraka’s W tooltip did not show the accurate Armor buff duration.,typed_number,high,
26.17,16.17,16.16,https://www.leagueoflegends.com/en-us/news/game-updates/league-of-legends-patch-26-17-notes/,Classic / Bugfixes,,,,Fixed various bugs where tooltip values and ability data were hardcoded instead of referencing the appropriate data values.,typed_number,borderline,subject not identified
26.17,16.17,16.16,https://www.leagueoflegends.com/en-us/news/game-updates/league-of-legends-patch-26-17-notes/,Classic / Bugfixes,,,,Fixed a tooltip bug with Energy Regeneration Seals not mentioning that it was per 5 seconds.,typed_number,borderline,subject not identified
26.17,16.17,16.16,https://www.leagueoflegends.com/en-us/news/game-updates/league-of-legends-patch-26-17-notes/,Bugfixes & QoL Changes,Swiftmarch,,,Fixed a bug with Swiftmarch’s tooltip where it stated it provided more Slow Resist than it did.,wording,high,
26.16,16.16,16.15,https://www.leagueoflegends.com/en-us/news/game-updates/league-of-legends-patch-26-16-notes/,ARAM: Mayhem / BUGFIXES,,,,Fixed a bug where form-swapping champions had incorrect damage ratio for Glass Cannon.,typed_number,borderline,game mode: ARAM; weak text signal
26.16,16.16,16.15,https://www.leagueoflegends.com/en-us/news/game-updates/league-of-legends-patch-26-16-notes/,ARAM: Mayhem / BUGFIXES,,,,Fixed a bug where Infernal Conduit base damage and scaling is higher than tooltip.,typed_number,borderline,game mode: ARAM
26.12,16.12,16.11,https://www.leagueoflegends.com/en-us/news/game-updates/league-of-legends-patch-26-12-notes/,Arena / Arena Bugfixes,Nilah,nilah,,Contract Killer Now correctly displays its capstone effect (mark an additional target) and gold increased when leveling this up.,other,borderline,game mode: Arena
26.10,16.10,16.9,https://www.leagueoflegends.com/en-us/news/game-updates/league-of-legends-patch-26-10-notes/,Arena / Guests of Honor,Garen: Perseverance,,,Tooltip updated to note that you'll heal when at 50 health.,typed_number,borderline,"designer context, not a change line; game mode: Arena; tooltip improvement or clarification, not a stated bug; not phrased as a fix"
26.10,16.10,16.9,https://www.leagueoflegends.com/en-us/news/game-updates/league-of-legends-patch-26-10-notes/,Arena / Guests of Honor,Hwei: Blank Canvas,,,Tooltips updated,other,borderline,game mode: Arena; not phrased as a fix
26.10,16.10,16.9,https://www.leagueoflegends.com/en-us/news/game-updates/league-of-legends-patch-26-10-notes/,ARAM: Mayhem / ARAM: Mayhem Bugfixes,,,,Fixed a bug where Tank Engine incorrectly displayed its granted health in the tooltip.,typed_number,borderline,game mode: ARAM
26.9,16.9,16.8,https://www.leagueoflegends.com/en-us/news/game-updates/league-of-legends-patch-26-9-notes/,Arena / Voting Round Changes,Reworked Guests of Honor,,,Guest Of Honor descriptions now allow you to press Shift to see the long description when hovering the Guest of Honor's icon.,other,borderline,"mentions non-ability text or visuals; game mode: Arena; tooltip not appearing, not wrong text; not phrased as a fix"
26.9,16.9,16.8,https://www.leagueoflegends.com/en-us/news/game-updates/league-of-legends-patch-26-9-notes/,Bugfixes & QoL Changes / QoL Changes,,,,Serahpine's Q has been re-scripted. The visual should now more accurately reflect the hitbox of the spell.,other,borderline,weak text signal; subject not identified
26.7,16.7,16.6,https://www.leagueoflegends.com/en-us/news/game-updates/league-of-legends-patch-26-7-notes/,ARAM: Mayhem / Bugfixes,,,,Fixed a bug where Atma's did not display its granted Ability Haste.,other,borderline,game mode: ARAM
26.7,16.7,16.6,https://www.leagueoflegends.com/en-us/news/game-updates/league-of-legends-patch-26-7-notes/,ARAM: Mayhem / Bugfixes,,,,Fixed a bug where Upgrade Snowball tooltip incorrectly stated that the area around hit enemies is revealed.,wording,borderline,game mode: ARAM
26.7,16.7,16.6,https://www.leagueoflegends.com/en-us/news/game-updates/league-of-legends-patch-26-7-notes/,ARAM: Mayhem / Bugfixes,Lich Bane,,,Fixed a bug where upgraded Lich Bane passive tooltip had incorrect spacing.,other,borderline,game mode: ARAM; formatting only
26.6,16.6,16.5,https://www.leagueoflegends.com/en-us/news/game-updates/league-of-legends-patch-26-6-notes/,Bugfixes,,,,Fixed incorrect spacing in upgraded passive descriptions for multiple upgraded items in tooltips.,other,borderline,formatting only; subject not identified
26.6,16.6,16.5,https://www.leagueoflegends.com/en-us/news/game-updates/league-of-legends-patch-26-6-notes/,Bugfixes,,,,Fixed a tooltip error where Bounce of the Poro King incorrectly stated it impacted non-champions.,wording,borderline,subject not identified
26.6,16.6,16.5,https://www.leagueoflegends.com/en-us/news/game-updates/league-of-legends-patch-26-6-notes/,Bugfixes,,,,Fixed a bug where the Upgrade Immolate tooltip did not track gold gained from its effect.,other,borderline,"live stat tracker, not static text; subject not identified"
26.6,16.6,16.5,https://www.leagueoflegends.com/en-us/news/game-updates/league-of-legends-patch-26-6-notes/,Bugfixes,Mikael's Blessing,,,Fixed an issue where Upgrade Mikael's Blessing upgraded Purify cooldown was displayed incorrectly.,typed_number,borderline,weak text signal
26.5,16.5,16.4,https://www.leagueoflegends.com/en-us/news/game-updates/league-of-legends-patch-26-5-notes/,ARAM: Mayhem / Bugfixes,,,,Fixed a bug where Grandma’s Chili Oil buff/debuff was missing icons and tooltips.,wording,borderline,game mode: ARAM
26.5,16.5,16.4,https://www.leagueoflegends.com/en-us/news/game-updates/league-of-legends-patch-26-5-notes/,Arena / Arena Bugfixes,Cosmic Drive,,,Fixed Cosmic Drive tooltip.,other,borderline,game mode: Arena
26.5,16.5,16.4,https://www.leagueoflegends.com/en-us/news/game-updates/league-of-legends-patch-26-5-notes/,Arena / Arena Bugfixes,,,,Fixed Buff Buddies tooltip.,other,borderline,game mode: Arena
26.4,16.4,16.3,https://www.leagueoflegends.com/en-us/news/game-updates/league-of-legends-patch-26-4-notes/,ARAM Mayhem / Bugfixes,,,,Fixed a bug where the Poro King gave incorrect damage reduction.,other,borderline,game mode: ARAM; weak text signal
26.4,16.4,16.3,https://www.leagueoflegends.com/en-us/news/game-updates/league-of-legends-patch-26-4-notes/,ARAM Mayhem / Bugfixes,,,,Fixed a bug where Grandma's Chili Oil's burn was doing incorrect damage per second.,typed_number,borderline,game mode: ARAM; weak text signal
26.4,16.4,16.3,https://www.leagueoflegends.com/en-us/news/game-updates/league-of-legends-patch-26-4-notes/,Demacia Rising,,,,"Demacian Steel - Guard: Current text says “+50% Attack Damage,” but the effect provides 25% Attack Damage and 25% Maximum HP to Guards.",typed_number,borderline,game mode: Demacia Rising; weak text signal; not phrased as a fix
26.4,16.4,16.3,https://www.leagueoflegends.com/en-us/news/game-updates/league-of-legends-patch-26-4-notes/,Demacia Rising,,,,"Battle High: Current text says “On kill, Guards gain 20% attack speed up to a maximum of 60%,” but the effect only provides a 30% Attack Speed once, on a guard's first kill or assist.",typed_number,borderline,game mode: Demacia Rising; weak text signal; not phrased as a fix
26.1,16.1,15.24,https://www.leagueoflegends.com/en-us/news/game-updates/patch-26-1-notes/,Epic Objective Tuning / Elemental Drakes,,,,Dragon Vengeance tooltip now shows its numbers more accurately,typed_number,borderline,"tooltip improvement or clarification, not a stated bug; subject not identified"
26.1,16.1,15.24,https://www.leagueoflegends.com/en-us/news/game-updates/patch-26-1-notes/,Jungle Adjustments / Buff Camps,,,,Red/Blue buff tooltips now show exactly how much power they provide.,other,borderline,not phrased as a fix; subject not identified
26.1,16.1,15.24,https://www.leagueoflegends.com/en-us/news/game-updates/patch-26-1-notes/,Turrets,,,,Updated all turret item tooltips to more clearly explain turret mechanics.,wording,borderline,"tooltip improvement or clarification, not a stated bug; not phrased as a fix; subject not identified"
26.1,16.1,15.24,https://www.leagueoflegends.com/en-us/news/game-updates/patch-26-1-notes/,Turrets,,,,Turret true sight range: 1095 ⇒ 1100. Tooltip updated to reflect the accurate range.,typed_number,borderline,balance change line; subject not identified
26.1,16.1,15.24,https://www.leagueoflegends.com/en-us/news/game-updates/patch-26-1-notes/,Champions,Zeri W - Ultrashock Laser,zeri,W,Tooltip now shows the enhanced damage,other,borderline,"tooltip improvement or clarification, not a stated bug; not phrased as a fix"
26.1,16.1,15.24,https://www.leagueoflegends.com/en-us/news/game-updates/patch-26-1-notes/,Champions,Akshan E - Heroic Swing,akshan,E,Clarified that damage scales with attack speed in tooltip.,wording,borderline,"tooltip improvement or clarification, not a stated bug; not phrased as a fix"
26.1,16.1,15.24,https://www.leagueoflegends.com/en-us/news/game-updates/patch-26-1-notes/,Champions,Tryndamere Q - Bloodlust,tryndamere,Q,Clarified the per-fury and maximum heal in Q's tooltip.,wording,borderline,"tooltip improvement or clarification, not a stated bug; not phrased as a fix"
26.1,16.1,15.24,https://www.leagueoflegends.com/en-us/news/game-updates/patch-26-1-notes/,ARAM Mayhem / Augments,Heartsteel,,,"The tooltip implied this but it didn't actually work this way, so we're just making it do that to match the expectation and so Heartsteel can go brr.",other,borderline,game mode: ARAM
26.1,16.1,15.24,https://www.leagueoflegends.com/en-us/news/game-updates/patch-26-1-notes/,ARAM Mayhem / Bug Fixes,,,,Fixed a bug where Ultimate's Awakening's buff bar is displaying incorrect Ability Haste.,other,borderline,game mode: ARAM; weak text signal
26.1,16.1,15.24,https://www.leagueoflegends.com/en-us/news/game-updates/patch-26-1-notes/,ARAM Mayhem / Bug Fixes,,,,Fixed a bug where Orbital Laser's Ground damage is doing incorrect damage to minions.,other,borderline,game mode: ARAM; weak text signal
26.1,16.1,15.24,https://www.leagueoflegends.com/en-us/news/game-updates/patch-26-1-notes/,Riot Games Community Pact,,,,"The Community Pact is an evolution of the Code of Conduct and covers what our expectations are for everyone that plays our games, and unlike past Codes of Conduct each year we will ask players to recommit to it. ... To also better reflect these expectations in game, we've updated the reporting ca...",typed_number,borderline,"designer context, not a change line; not phrased as a fix; subject not identified"
26.1,16.1,15.24,https://www.leagueoflegends.com/en-us/news/game-updates/patch-26-1-notes/,Bugfixes & QoL Changes,Guardian,,,Fixed an issue where the Guardian items in ARAM were missing their unique tooltip tags.,wording,borderline,game mode: ARAM
26.1,16.1,15.24,https://www.leagueoflegends.com/en-us/news/game-updates/patch-26-1-notes/,Bugfixes & QoL Changes,Kayn,kayn,R,Added Slayer Kayn's R's base damage to the level-up tooltip.,other,borderline,"tooltip improvement or clarification, not a stated bug"
25.24,15.24,15.23,https://www.leagueoflegends.com/en-us/news/game-updates/patch-25-24-notes/,Champions,Viktor Q - Siphon Power,viktor,Q,Bugfix: Fixed a bug that caused Q's tooltip AP ratio to be inaccurate.,typed_number,high,
25.24,15.24,15.23,https://www.leagueoflegends.com/en-us/news/game-updates/patch-25-24-notes/,ARAM Mayhem / Bugfixes,,,,Fixed Self Destruct's tooltip syntax.,other,borderline,game mode: ARAM; formatting only
25.24,15.24,15.23,https://www.leagueoflegends.com/en-us/news/game-updates/patch-25-24-notes/,ARAM Mayhem / Bugfixes,,,,Fixed a bug where Snowball Roulette's tooltip was not stating its intended function.,wording,borderline,game mode: ARAM
25.23,15.23,15.22,https://www.leagueoflegends.com/en-us/news/game-updates/patch-25-23-notes/,Champions,Jhin,jhin,,"Jhin looks quite weak at the present, so we're giving him some damage buffs and found another place to include the number 4 in his tooltips, which is the only buff he really needs, right?",typed_number,borderline,"designer context, not a change line; not phrased as a fix"
25.23,15.23,15.22,https://www.leagueoflegends.com/en-us/news/game-updates/patch-25-23-notes/,Champions,Ornn,ornn,,"While Ornn is a totally viable top laner, we think he could also shine in the tank jungle roster, so we're buffing some of his monster damage caps. ... We're also adding some tooltip clarity, as some of his numbers weren't exposed to players.",typed_number,borderline,"designer context, not a change line; not phrased as a fix"
25.23,15.23,15.22,https://www.leagueoflegends.com/en-us/news/game-updates/patch-25-23-notes/,Champions,Ornn W - Bellows Breath,ornn,W,Level-up tooltip now displays the minimum and maximum damages per rank.,other,borderline,"tooltip improvement or clarification, not a stated bug; not phrased as a fix"
25.23,15.23,15.22,https://www.leagueoflegends.com/en-us/news/game-updates/patch-25-23-notes/,ARAM Mayhem / Mayhem Augment Changes,,,,For non-english languages there was a typo in this tooltip change that we couldn't quite fix in time for all languages but it will be corrected in a later build.,translation,borderline,game mode: ARAM
25.22,15.22,15.21,https://www.leagueoflegends.com/en-us/news/game-updates/patch-25-22-notes/,ARAM Mayhem / Augments,,,,"If your inventory is full, we will have a text callout, and then selling 1 inventory item will give you the item.",typed_number,borderline,game mode: ARAM; weak text signal; not phrased as a fix
25.22,15.22,15.21,https://www.leagueoflegends.com/en-us/news/game-updates/patch-25-22-notes/,ARAM Mayhem / Bug Fixes,,,,Fixed a bug where Nightstalk displayed a blank tooltip.,other,borderline,game mode: ARAM
25.22,15.22,15.21,https://www.leagueoflegends.com/en-us/news/game-updates/patch-25-22-notes/,ARAM Mayhem / Bug Fixes,,,,Fixed a bug where Slow Cooker displayed incorrect tooltip damage.,other,borderline,game mode: ARAM
25.22,15.22,15.21,https://www.leagueoflegends.com/en-us/news/game-updates/patch-25-22-notes/,ARAM Mayhem / Bug Fixes,,,,Fixed a bug where Mountain Soul and Protein Shake were missing their name in text call-out.,wording,borderline,game mode: ARAM; weak text signal
25.22,15.22,15.21,https://www.leagueoflegends.com/en-us/news/game-updates/patch-25-22-notes/,ARAM Mayhem / Bug Fixes,,,,Fixed a bug where Dual Wield duplicated On-Hit descriptions in the augment summary.,other,borderline,game mode: ARAM
25.20,15.20,15.19,https://www.leagueoflegends.com/en-us/news/game-updates/patch-25-20-notes/,Arena / Items,,,,Fixed tooltip to correctly show maximum Mana,typed_number,borderline,game mode: Arena
25.19,15.19,15.18,https://www.leagueoflegends.com/en-us/news/game-updates/patch-25-19-notes/,Arena / Arena Bugfixes,,,,Tank Engine now correctly says bonus health in its augment card.,wording,borderline,game mode: Arena; weak text signal
25.19,15.19,15.18,https://www.leagueoflegends.com/en-us/news/game-updates/patch-25-19-notes/,Arena / Arena Bugfixes,Flesheater,,,Fixed an issue where Flesheater was not correctly listing Ability Haste.,other,borderline,game mode: Arena; weak text signal
25.19,15.19,15.18,https://www.leagueoflegends.com/en-us/news/game-updates/patch-25-19-notes/,Bugfixes & QoL Changes / Bugfixes,Ambessa,ambessa,P,Fixed an issue where Ambessa’s passive could cause Ambessa’s buff bar to display some debug text.,other,borderline,weak text signal
25.19,15.19,15.18,https://www.leagueoflegends.com/en-us/news/game-updates/patch-25-19-notes/,Bugfixes & QoL Changes / Custom Games,,,,Fixed a bug that was showing empty frames for the enemy team when playing a Custom Game with no opponents.,other,borderline,weak text signal; subject not identified
25.19,15.19,15.18,https://www.leagueoflegends.com/en-us/news/game-updates/patch-25-19-notes/,Bugfixes & QoL Changes / Custom Games,,,,Added a tooltip to clarify that League Voice only works for Custom Games that have spectating disabled.,wording,borderline,"mentions non-ability text or visuals; tooltip improvement or clarification, not a stated bug; subject not identified"
25.17,15.17,15.16,https://www.leagueoflegends.com/en-us/news/game-updates/patch-25-17-notes/,Arena Season 3 Update / Quality of Life,,,,Transmute and Mutation augments now display their transformed augment as the shown description.,other,borderline,game mode: Arena; not phrased as a fix
25.17,15.17,15.16,https://www.leagueoflegends.com/en-us/news/game-updates/patch-25-17-notes/,Bugfixes & QoL Changes / Bugfixes,Aurora,aurora,R,Fixed an issue where Aurora's R tooltip was displaying the incorrect duration at higher ranks.,typed_number,high,
25.15,15.15,15.14,https://www.leagueoflegends.com/en-us/news/game-updates/patch-25-15-notes/,Champions,Illaoi Passive - Prophet of an Elder God,illaoi,P,Tooltip’s damage will now update with ranks in Q.,other,borderline,not phrased as a fix
25.15,15.15,15.14,https://www.leagueoflegends.com/en-us/news/game-updates/patch-25-15-notes/,Champions,Illaoi Q - Tentacle Smash,illaoi,Q,Tooltip now shows full ability damage that updates with ranks in Q.,other,borderline,"tooltip improvement or clarification, not a stated bug; not phrased as a fix"
25.15,15.15,15.14,https://www.leagueoflegends.com/en-us/news/game-updates/patch-25-15-notes/,Bug Fixes & QoL Changes,Yunara,yunara,W,Fixed an issue where Yunara’s W had an incorrect numerical tooltip in her expanded tooltip in Chinese.,translation,high,
25.12,15.12,15.11,https://www.leagueoflegends.com/en-us/news/game-updates/patch-25-12-notes/,Champions,Rammus W - Defensive Ball Curl,rammus,W,Tooltip Improvements: W’s tooltip now more clearly states how much Armor and MR will be gained from the ability,typed_number,borderline,"tooltip improvement or clarification, not a stated bug; not phrased as a fix"
25.12,15.12,15.11,https://www.leagueoflegends.com/en-us/news/game-updates/patch-25-12-notes/,Champions,Rammus W - Defensive Ball Curl,rammus,W,Tooltip Improvements: W’s tooltip is no longer blank when the ability is active and will now show the amount of damage returned,typed_number,borderline,"tooltip improvement or clarification, not a stated bug"
25.11,15.11,15.10,https://www.leagueoflegends.com/en-us/news/game-updates/patch-25-11-notes/,Champions,Garen W - Courage,garen,W,Tooltip updated for clarity.,other,borderline,"tooltip improvement or clarification, not a stated bug; not phrased as a fix"
25.11,15.11,15.10,https://www.leagueoflegends.com/en-us/news/game-updates/patch-25-11-notes/,ARAM / ARAM Bugfixes,Garen,garen,W,Fixed a bug where Garen's W tooltip was displaying incorrect numbers.,typed_number,borderline,game mode: ARAM
25.10,15.10,15.9,https://www.leagueoflegends.com/en-us/news/game-updates/patch-25-10-notes/,Items,Luden's Companion,,,Tooltip now shows the maximum single target damage.,other,borderline,"tooltip improvement or clarification, not a stated bug; not phrased as a fix"
25.10,15.10,15.9,https://www.leagueoflegends.com/en-us/news/game-updates/patch-25-10-notes/,Bugfixes & QoL Changes / Bugfixes,Zac; Gangplank; Nocturne,zac;gangplank;nocturne,P;P;P,"Fixed an issue where Zac, Gangplank, and Nocturne's passive tooltip cooldown values were not functioning correctly.",typed_number,high,
25.09,15.9,15.8,https://www.leagueoflegends.com/en-us/news/game-updates/patch-25-09-notes/,Rotating Game Modes & Arena Changes,,,,Fixed a bug where True Shot Prodigy’s tooltip was showing more damage than the augment actually did.,other,borderline,game mode: Arena
25.09,15.9,15.8,https://www.leagueoflegends.com/en-us/news/game-updates/patch-25-09-notes/,Rotating Game Modes & Arena Changes,,,,"Many augments now show your stat conversions, and have updated text colorations in their tooltip.",typed_number,borderline,game mode: Arena; formatting only
25.08,15.8,15.7,https://www.leagueoflegends.com/en-us/news/game-updates/patch-25-08-notes/,Arena / Bugfixes & QoL Changes,,,,TapDancer and Marksmage now show the stats they give you in their tooltip.,typed_number,borderline,game mode: Arena
25.08,15.8,15.7,https://www.leagueoflegends.com/en-us/news/game-updates/patch-25-08-notes/,Arena / Bugfixes & QoL Changes,,,,Courage of the Colossus no longer defaults to showing you all of its scaling on the augment card. (You can still see it if you look at the augment tooltip),typed_number,borderline,game mode: Arena
25.08,15.8,15.7,https://www.leagueoflegends.com/en-us/news/game-updates/patch-25-08-notes/,Arena / Bugfixes & QoL Changes,,,,Updated a bunch of tooltips to use format coloring.,other,borderline,game mode: Arena
25.07,15.7,15.6,https://www.leagueoflegends.com/en-us/news/game-updates/patch-25-07-notes/,Champions,Yone E - Soul Unbound,yone,E,Tooltip clarifies that only damage from attacks and abilities is amplified.,wording,borderline,"tooltip improvement or clarification, not a stated bug; not phrased as a fix"
25.07,15.7,15.6,https://www.leagueoflegends.com/en-us/news/game-updates/patch-25-07-notes/,Bugfixes & QoL Changes,Gwen,gwen,R,Fixed an issue where Gwen's R would sometimes display debug text.,other,borderline,weak text signal
25.07,15.7,15.6,https://www.leagueoflegends.com/en-us/news/game-updates/patch-25-07-notes/,Bugfixes & QoL Changes,Aurora,aurora,,Fixed a tooltip issue with Aurora where there was some inconsistent cApItAlIzAtIoN.,other,borderline,formatting only
25.07,15.7,15.6,https://www.leagueoflegends.com/en-us/news/game-updates/patch-25-07-notes/,Bugfixes & QoL Changes,Varus,varus,E,Fixed an issue that caused some tooltip inconsistencies with Varus's E.,other,high,
25.07,15.7,15.6,https://www.leagueoflegends.com/en-us/news/game-updates/patch-25-07-notes/,Bugfixes & QoL Changes,Neeko,neeko,,Fixed an issue that caused Neeko's ability shop descriptions to not match her updated functionalities.,other,high,
25.06,15.6,15.5,https://www.leagueoflegends.com/en-us/news/game-updates/patch-25-06-notes/,Bugfixes & QoL Changes / Bugfixes,,,,Fixed an issue where Mels E snare would cause debug text to appear for debuffs.,other,borderline,weak text signal; subject not identified
25.06,15.6,15.5,https://www.leagueoflegends.com/en-us/news/game-updates/patch-25-06-notes/,Bugfixes & QoL Changes / Bugfixes,,,,Fixed an issue where some debug text would display for certain Nemesis Quests.,other,borderline,weak text signal; subject not identified
25.06,15.6,15.5,https://www.leagueoflegends.com/en-us/news/game-updates/patch-25-06-notes/,Bugfixes & QoL Changes / Arena Bugfixes/QoL Improvements,,,,Ghostcrawler's cooldown icon moved in tooltip,typed_number,borderline,mentions non-ability text or visuals; game mode: Arena
25.05,15.5,15.4,https://www.leagueoflegends.com/en-us/news/game-updates/patch-25-05-notes/,Items,Tear of the Goddess; Rod of Ages; Heartsteel; Winter's Approach; Manamune; Archangel's Staff; Yun Tal Wildarrows,,,This patch we're introducing a change to the tooltips of items that have stat stacking elements that allows that stat to now reflect the value that you're gaining from the item's respective effects.,typed_number,borderline,"designer context, not a change line; not phrased as a fix"
25.05,15.5,15.4,https://www.leagueoflegends.com/en-us/news/game-updates/patch-25-05-notes/,Bugfixes & QoL Changes,Mel,mel,E,Fixed an issue where Mel's E debuff on enemy targets would sometimes cause the buff to display incorrectly.,other,borderline,weak text signal
25.05,15.5,15.4,https://www.leagueoflegends.com/en-us/news/game-updates/patch-25-05-notes/,Bugfixes & QoL Changes,Thornmail,,,Fixed a tooltip issue with Thornmail in the shop and inventory.,other,high,
25.05,15.5,15.4,https://www.leagueoflegends.com/en-us/news/game-updates/patch-25-05-notes/,Bugfixes & QoL Changes,Chempunk Chainsword,,,Fixed a tooltip issue with Chempunk Chainsword in the shop and inventory.,other,high,
25.04,15.4,15.3,https://www.leagueoflegends.com/en-us/news/game-updates/patch-25-04-notes/,Bugfixes & QoL Changes,Mel; Lulu,mel;lulu,W;,Fixed a bug that caused Mel's W to not correctly reflect projectiles from Lulu's Pix.,other,borderline,weak text signal
2025.S1.3,15.3,15.2,https://www.leagueoflegends.com/en-us/news/game-updates/patch-2025-s1-3-notes/,Bugfixes & QoL Changes,,,,Fixed an issue that caused a display text error where KDA and bounty would sometimes be overlaid.,other,borderline,weak text signal; subject not identified
2025.S1.3,15.3,15.2,https://www.leagueoflegends.com/en-us/news/game-updates/patch-2025-s1-3-notes/,Bugfixes & QoL Changes,,,,Fixed an issue where Void Grubs name would sometimes be spelled inconsistently in the spawn announcement. We practiced spelling it as a group to get it right.,wording,borderline,weak text signal; subject not identified
25.S1.2,15.2,15.1,https://www.leagueoflegends.com/en-us/news/game-updates/patch-25-s1-2-notes/,Champions,Malzahar,malzahar,W+R,"As a result of these ability updates, already-spawned Voidlings now update their damage when Malzahar levels up and tooltip shows their actual damage instead of only part of the calculation.",other,borderline,"designer context, not a change line; not phrased as a fix"
25.S1.2,15.2,15.1,https://www.leagueoflegends.com/en-us/news/game-updates/patch-25-s1-2-notes/,Champions,Malzahar W - Void Swarm,malzahar,W,Updated tooltip to show total Voidling attack damage,wording,borderline,"tooltip improvement or clarification, not a stated bug; not phrased as a fix"
25.S1.2,15.2,15.1,https://www.leagueoflegends.com/en-us/news/game-updates/patch-25-s1-2-notes/,Bugfixes & QoL Changes,Teleport,,,Fixed an issue that caused some Debug text to appear in Teleport's tooltip.,other,high,
25.S1.1,15.1,14.24,https://www.leagueoflegends.com/en-us/news/game-updates/patch-25-s1-1-notes/,Mid-Patch Updates / Bugfixes,Teleport,,,"Fixed a bug that caused Teleport’s tooltip movement speed to show incorrect values. The movement speed duration is 3 seconds, not 4.",typed_number,high,
14.23,14.23,14.22,https://www.leagueoflegends.com/en-us/news/game-updates/patch-14-23-notes/,Champions,Rell,rell,W+E,"Third, we're delivering some simplifications to better match how players expect Rell to act. ... Her bonus move speed in mounted form is now based upon points in W and is listed in W's tooltip instead of E.",typed_number,borderline,"designer context, not a change line; live stat tracker, not static text"
14.21,14.21,14.20,https://www.leagueoflegends.com/en-us/news/game-updates/patch-14-21-notes/,Champions,Camille W - Tactical Sweep,camille,W,Clarified in the tooltip that the max health damage has a 300 monster damage cap.,wording,borderline,"tooltip improvement or clarification, not a stated bug; not phrased as a fix"
14.21,14.21,14.20,https://www.leagueoflegends.com/en-us/news/game-updates/patch-14-21-notes/,Bugfixes & QoL Changes,Statikk Shiv,,,Fixed some formatting issues with Statikk Shiv’s tooltip.,other,borderline,formatting only
14.19,14.19,14.18,https://www.leagueoflegends.com/en-us/news/game-updates/patch-14-19-notes/,Champions,Vladimir,vladimir,,"This patch we're bringing the minion healing down a fair bit, though still somewhat higher than it was before 14.12's buffs. ... We've also updated the tooltip to be clearer about the heal's functionality.",typed_number,borderline,"designer context, not a change line; tooltip improvement or clarification, not a stated bug; not phrased as a fix"
14.19,14.19,14.18,https://www.leagueoflegends.com/en-us/news/game-updates/patch-14-19-notes/,Champions,Vladimir W - Sanguine Pool,vladimir,W,Updated tooltip to clarify that healing is not mitigated by target resistances,wording,borderline,"tooltip improvement or clarification, not a stated bug; not phrased as a fix"
14.19,14.19,14.18,https://www.leagueoflegends.com/en-us/news/game-updates/patch-14-19-notes/,Items,,,,Most items have had minor tooltip styling improvements in addition to all of the gameplay stat changes mentioned below.,typed_number,borderline,"tooltip improvement or clarification, not a stated bug; formatting only; not phrased as a fix; subject not identified"
14.16,14.16,14.15,https://www.leagueoflegends.com/en-us/news/game-updates/patch-14-16-notes/,Arena / Bugfixes,,,,"Updated Mystic Punch's tooltip to correctly call it an ""On-hit"".",other,borderline,game mode: Arena
14.16,14.16,14.15,https://www.leagueoflegends.com/en-us/news/game-updates/patch-14-16-notes/,Arena / Bugfixes,,,,Quantum Computing's tooltip has been updated to reflect its scaling.,typed_number,borderline,game mode: Arena
14.15,14.15,14.14,https://www.leagueoflegends.com/en-us/news/game-updates/patch-14-15-notes/,Champions,Shyvana E - Flame Breath,shyvana,E,Bugfix: Damage over time no longer states that it deals 12% more damage than it really does,typed_number,high,
14.15,14.15,14.14,https://www.leagueoflegends.com/en-us/news/game-updates/patch-14-15-notes/,Arena,,,,Fixed a bug with Heavy Hitter’s tooltip not displaying damage.,other,borderline,game mode: Arena
14.15,14.15,14.14,https://www.leagueoflegends.com/en-us/news/game-updates/patch-14-15-notes/,Swarm / Champion,Briar,briar,E,This effect previously occurred when Briar was below 30% health and wasn’t included in the tooltip due to an oversight.,typed_number,borderline,game mode: Swarm; not phrased as a fix
14.15,14.15,14.14,https://www.leagueoflegends.com/en-us/news/game-updates/patch-14-15-notes/,Swarm / Bugfixes,Leona,leona,R,Fixed an issue where Leona’s Solar Flare (R) tooltip stated an incorrect burn value.,typed_number,borderline,game mode: Swarm
14.15,14.15,14.14,https://www.leagueoflegends.com/en-us/news/game-updates/patch-14-15-notes/,Swarm / Bugfixes,,,,Fixed a bug with text formatting in multiple languages.,translation,borderline,game mode: Swarm; formatting only; weak text signal
14.15,14.15,14.14,https://www.leagueoflegends.com/en-us/news/game-updates/patch-14-15-notes/,Swarm / Bugfixes,,,,Fixed a bug that caused the map texture to display incorrectly on The Beachhead.,other,borderline,game mode: Swarm; weak text signal
14.15,14.15,14.14,https://www.leagueoflegends.com/en-us/news/game-updates/patch-14-15-notes/,Bugfixes & QoL Changes,Kraken Slayer; Navori Flickerblade,,,Fixed an issue that caused Kraken Slayer and Navori Flickerblade descriptions to be different from the collection to in game.,other,borderline,mentions non-ability text or visuals
14.14,14.14,14.13,https://www.leagueoflegends.com/en-us/news/game-updates/patch-14-14-notes/,Champions,Zyra Passive - Garden of Thorns,zyra,P,Updated the tooltip and cooldown display to more accurately align with seed spawn times,typed_number,borderline,"tooltip improvement or clarification, not a stated bug"
14.14,14.14,14.13,https://www.leagueoflegends.com/en-us/news/game-updates/patch-14-14-notes/,Bugfixes,Prowler's Claw,,,Fixed a bug with Prowler's Claw tooltip displaying inaccurate information,other,high,
14.14,14.14,14.13,https://www.leagueoflegends.com/en-us/news/game-updates/patch-14-14-notes/,Bugfixes,Duskblade of Draktharr,,,Fixed a bug with Duskblade of Draktharr tooltip displaying inaccurate information,other,high,
14.14,14.14,14.13,https://www.leagueoflegends.com/en-us/news/game-updates/patch-14-14-notes/,Bugfixes,Hellfire Hatchet,,,Fixed a bug with Hellfire Hatchet's Anvil Card displaying incorrect information,other,borderline,weak text signal
14.14,14.14,14.13,https://www.leagueoflegends.com/en-us/news/game-updates/patch-14-14-notes/,Bugfixes,Hecarim,hecarim,Q+E,Fixed a bug with Hecarim's Rampage (Q) and Devastating Charge (E) tooltips displaying incorrect values,typed_number,high,
14.14,14.14,14.13,https://www.leagueoflegends.com/en-us/news/game-updates/patch-14-14-notes/,ARAM,Lulu; Ornn,,,"We will keep monitoring Lulu since she performs differently in various skill levels. ... Additionally, we have corrected a tooltip issue for all starter items that mistakenly labeled them as legendary.",other,borderline,"designer context, not a change line; game mode: ARAM; item text mentioning a champion"
14.14,14.14,14.13,https://www.leagueoflegends.com/en-us/news/game-updates/patch-14-14-notes/,ARAM / Bugfixes,,,,"Updated all Starter item's tooltips and removed ""This item counts as a Legendary item.""",other,borderline,game mode: ARAM
14.13,14.13,14.12,https://www.leagueoflegends.com/en-us/news/game-updates/lol-patch-14-13-notes/,Champions,Kalista,kalista,W,"As she's getting pretty stale in the Pro scene, we're delivering some nerfs that we hope will disproportionately affect Pro play. ... We're toning down her coordination-reliant pieces and clarifying the special rules of her W by removing some of them and adding the rest to the tooltip.",wording,borderline,"designer context, not a change line; mentions non-ability text or visuals; tooltip improvement or clarification, not a stated bug; not phrased as a fix"
14.13,14.13,14.12,https://www.leagueoflegends.com/en-us/news/game-updates/lol-patch-14-13-notes/,Arena,Poppy,poppy,Q,Fixed a tooltip issue with Poppy (Q) ability.,other,borderline,game mode: Arena
14.13,14.13,14.12,https://www.leagueoflegends.com/en-us/news/game-updates/lol-patch-14-13-notes/,Arena,Ashe,ashe,P,Fixed a tooltip issue with Ashe's Passive.,other,borderline,game mode: Arena
14.13,14.13,14.12,https://www.leagueoflegends.com/en-us/news/game-updates/lol-patch-14-13-notes/,Arena,Blade of The Ruined King,,,Fixed an extended tooltip issue with Blade of the Ruined King.,other,borderline,game mode: Arena
14.13,14.13,14.12,https://www.leagueoflegends.com/en-us/news/game-updates/lol-patch-14-13-notes/,Arena,Winter's Approach,,,Fixed an extended tooltip issue with Winter's Approach.,other,borderline,game mode: Arena
14.13,14.13,14.12,https://www.leagueoflegends.com/en-us/news/game-updates/lol-patch-14-13-notes/,Arena,,,,Fixed a tooltip issue with Vulnerability.,other,borderline,game mode: Arena
14.13,14.13,14.12,https://www.leagueoflegends.com/en-us/news/game-updates/lol-patch-14-13-notes/,Arena,Terminus,,,Fixed a tooltip issue with Terminus' Juxtaposition - Light.,other,borderline,game mode: Arena
14.13,14.13,14.12,https://www.leagueoflegends.com/en-us/news/game-updates/lol-patch-14-13-notes/,Arena,Gargoyle Stoneplate,,,Gargoyle Stoneplate item no longer tracks shielded damage in its tooltip.,other,borderline,"game mode: Arena; live stat tracker, not static text"
14.12,14.12,14.11,https://www.leagueoflegends.com/en-us/news/game-updates/patch-14-12-notes/,Arena / QoL Changes,,,,Anvils and Augment selection cards now show their corresponding tooltip when hovering the icon within the card.,other,borderline,"mentions non-ability text or visuals; game mode: Arena; tooltip not appearing, not wrong text; not phrased as a fix"
14.12,14.12,14.11,https://www.leagueoflegends.com/en-us/news/game-updates/patch-14-12-notes/,Bugfixes & QoL Changes / Bugfixes,Elise,elise,E,"Fixed a bug that caused Elise's E damage and healing increased tooltip to show approximately 1000x the amount of damage (don't worry, only the tooltip was bugged).",typed_number,high,
14.11,14.11,14.10,https://www.leagueoflegends.com/en-us/news/game-updates/patch-14-11-notes/,Champions,Pantheon W - Shield Vault,pantheon,W,The new addition of damage against monsters and minions won't be reflected in the tooltip in 14.11 but will be added in 14.12,typed_number,borderline,not phrased as a fix
14.11,14.11,14.10,https://www.leagueoflegends.com/en-us/news/game-updates/patch-14-11-notes/,Champions,Pantheon R - Grand Starfall,pantheon,R,The spear hit will gain the bonus AP addition noted above in the change and will have its tooltip adjusted,wording,borderline,not phrased as a fix
14.11,14.11,14.10,https://www.leagueoflegends.com/en-us/news/game-updates/patch-14-11-notes/,ARAM Balance Changes,Hwei; Ezreal; Akshan; Veigar,hwei;ezreal;akshan;veigar,;;;E,"Second, we're increasing the cooldown of Veigar's E since it's very strong with only one lane. ... This is technically a fix to our change in patch 13.7 that only affected the tooltip, but we think the change is still relevant to do.",typed_number,borderline,"designer context, not a change line; mentions non-ability text or visuals; game mode: ARAM"
14.11,14.11,14.10,https://www.leagueoflegends.com/en-us/news/game-updates/patch-14-11-notes/,Arena / QoL Changes,Force of Entropy,,,Accelerating Sorcery now correctly states that it resets each round.,other,borderline,game mode: Arena
14.11,14.11,14.10,https://www.leagueoflegends.com/en-us/news/game-updates/patch-14-11-notes/,Arena / QoL Changes,Force of Entropy,,,Hubris's tooltip has been updated to clarify what it does in Arena.,wording,borderline,"game mode: Arena; tooltip improvement or clarification, not a stated bug; not phrased as a fix"
14.11,14.11,14.10,https://www.leagueoflegends.com/en-us/news/game-updates/patch-14-11-notes/,Arena / Bugfixes,Spectral Cutlass,,,Spectral Cutlass - No longer displays debug text.,other,borderline,game mode: Arena; weak text signal
14.11,14.11,14.10,https://www.leagueoflegends.com/en-us/news/game-updates/patch-14-11-notes/,Arena / Bugfixes,Turbo Chemtank,,,Turbo Chemtank Slow Debuff - No longer displays debug text.,other,borderline,game mode: Arena; weak text signal
14.11,14.11,14.10,https://www.leagueoflegends.com/en-us/news/game-updates/patch-14-11-notes/,Arena / Bugfixes,Force Of Entropy,,,Jeweled Gauntlet now correctly shows its crit chance.,other,borderline,game mode: Arena
14.11,14.11,14.10,https://www.leagueoflegends.com/en-us/news/game-updates/patch-14-11-notes/,Bugfixes & QoL Changes / Bugfixes,Yun Tal Wildarrows,,,"Fixed an issue where Yun Tal Wildarrows damage done display would display an absurdly incorrect number due to counting pre mitigation damage, and/or minion/monster damage… we think.",typed_number,borderline,"live stat tracker, not static text; weak text signal"
14.11,14.11,14.10,https://www.leagueoflegends.com/en-us/news/game-updates/patch-14-11-notes/,Bugfixes & QoL Changes / Bugfixes,Stridebreaker,,,Fixed the Stridebreaker tooltip as it was missing the cleave description.,wording,high,
14.10,14.10,14.9,https://www.leagueoflegends.com/en-us/news/game-updates/patch-14-10-notes/,Arena / Bugfixes,,,,Fixed an issue that caused the Hold Very Still augment to display debug text in the description.,other,borderline,game mode: Arena
14.10,14.10,14.9,https://www.leagueoflegends.com/en-us/news/game-updates/patch-14-10-notes/,Arena / Bugfixes,,,,"Striderbreaker also had a couple of tooltip issues, we fixed those too.",other,borderline,game mode: Arena
14.10,14.10,14.9,https://www.leagueoflegends.com/en-us/news/game-updates/patch-14-10-notes/,Arena / Bugfixes,Serpent's Fang,,,Fixed an issue that caused Serpent's Fang to display an incorrect tooltip,other,borderline,game mode: Arena
14.10,14.10,14.9,https://www.leagueoflegends.com/en-us/news/game-updates/patch-14-10-notes/,Arena / Bugfixes,Kraken Slayer,,,Fixed an issue that caused Kraken Slayer to display incorrect stats,typed_number,borderline,game mode: Arena; weak text signal
14.10,14.10,14.9,https://www.leagueoflegends.com/en-us/news/game-updates/patch-14-10-notes/,Arena / Bugfixes,Rek'Sai,reksai,Q,Fixed an issue that caused Rek'Sai's Q tooltip to display incorrect information.,other,borderline,game mode: Arena
14.8,14.8,14.7,https://www.leagueoflegends.com/en-us/news/game-updates/patch-14-8-notes/,Champions,Jhin,jhin,,"Plus he's a little on the weak side right now, especially in higher skill brackets. ... Not only are we adding several more 4s to his tooltips, we're also powering up the more skill-expressive parts of his kit with his ability to kite early and the power of his ramping grenade bounces.",typed_number,borderline,"designer context, not a change line; not phrased as a fix"
14.6,14.6,14.5,https://www.leagueoflegends.com/en-us/news/game-updates/patch-14-6-notes/,Champions,Diana Passive - Moonsilver Blade,diana,P,Empowered Bonus Attack Speed: tripled for 3 seconds ⇒ tripled for 5 seconds (Note: this tooltip is bugged and will not reflect the change until the next patch.),typed_number,borderline,balance change line
14.5,14.5,14.4,https://www.leagueoflegends.com/en-us/news/game-updates/patch-14-5-notes/,Champions / Miscellaneous,Rek'Sai,reksai,,Made minor updates to tooltips to improve clarity.,other,borderline,"tooltip improvement or clarification, not a stated bug; not phrased as a fix"
14.5,14.5,14.4,https://www.leagueoflegends.com/en-us/news/game-updates/patch-14-5-notes/,Champions,"Smolder E - Flap, Flap, Flap",smolder,E,Tooltip has been updated to clarify that these bolts are not attacks,wording,borderline,"tooltip improvement or clarification, not a stated bug; not phrased as a fix"
14.5,14.5,14.4,https://www.leagueoflegends.com/en-us/news/game-updates/patch-14-5-notes/,Champions,Yorick Passive - Shepherd of Souls,yorick,P,Tooltip clarified to state that only Mist Walkers take reduced damage from monsters.,wording,borderline,"tooltip improvement or clarification, not a stated bug; not phrased as a fix"
14.5,14.5,14.4,https://www.leagueoflegends.com/en-us/news/game-updates/patch-14-5-notes/,Champions,Yorick R - Eulogy of the Isles,yorick,R,Tooltip now clarifies that Maiden takes 70% less damage from lane minions.,wording,borderline,"tooltip improvement or clarification, not a stated bug; not phrased as a fix"
14.5,14.5,14.4,https://www.leagueoflegends.com/en-us/news/game-updates/patch-14-5-notes/,Items,Heartsteel,,,"In this patch we'll be buffing the item's scaling while keeping the early game similar to let players live their best bonking fantasy. ... (Note: the tooltip in 14.5 will not reflect this change, but we're working on having it corrected in 14.6.)",typed_number,borderline,"designer context, not a change line; not phrased as a fix"
14.5,14.5,14.4,https://www.leagueoflegends.com/en-us/news/game-updates/patch-14-5-notes/,Items,Solstice Sleigh,,,Item tracker flavor text updated,other,borderline,"live stat tracker, not static text; weak text signal; not phrased as a fix"
14.4,14.4,14.3,https://www.leagueoflegends.com/en-us/news/game-updates/patch-14-4-notes/,Bugfixes & QoL Changes,Spear of Shojin,,,"Fixed a bug that caused Spear of Shojin's Ranged and Melee modifiers in the item's description to reflect differences, despite the two intended to be the same.",typed_number,high,
14.4,14.4,14.3,https://www.leagueoflegends.com/en-us/news/game-updates/patch-14-4-notes/,Bugfixes & QoL Changes,,,,Fixed a bug that caused scoreboard tooltips to not update when pressing shift to show extended tooltips.,other,borderline,"mentions non-ability text or visuals; display not updating during play, not static text; subject not identified"
14.4,14.4,14.3,https://www.leagueoflegends.com/en-us/news/game-updates/patch-14-4-notes/,Bugfixes & QoL Changes,Briar,briar,,Fixed a bug that caused Briar's tooltip to only mention reducing Armor Reduction despite also lowering Magic Resistance.,typed_number,high,
14.2,14.2,14.1,https://www.leagueoflegends.com/en-us/news/game-updates/patch-14-2-notes/,Items,,,,"In an attempt to simplify tooltips for players we went a bit too far when it came to removing information and trackers, and we agree with the player feedback we’ve been seeing about bringing them back. ... We still think there is value in improving tooltips, but we didn’t hit our mark this time s...",typed_number,borderline,"designer context, not a change line; tooltip improvement or clarification, not a stated bug; live stat tracker, not static text; not phrased as a fix; subject not identified"
14.2,14.2,14.1,https://www.leagueoflegends.com/en-us/news/game-updates/patch-14-2-notes/,Gameplay Quality Improvements / Champions,Cho'Gath,chogath,R,Cho’Gath R tooltip now displays the range increases if you hold Shift for more info.,typed_number,borderline,"tooltip improvement or clarification, not a stated bug; not phrased as a fix"
14.2,14.2,14.1,https://www.leagueoflegends.com/en-us/news/game-updates/patch-14-2-notes/,Gameplay Quality Improvements / Champions,Swain,swain,P,Swain’s Passive will now be tracked in his tooltip and icon.,other,borderline,"mentions non-ability text or visuals; live stat tracker, not static text; not phrased as a fix"
14.1,14.1,13.24,https://www.leagueoflegends.com/en-us/news/game-updates/patch-14-1-notes/,Items,,,,"Additionally, we want to ensure that each class is properly supported (like having Assassins items be early game skewed or giving mages better gold scaling) and to make each spell cast feel more important to players by lowering the overall amount of Haste items give. ... We’ve got a lot of item d...",typed_number,borderline,"designer context, not a change line; subject not identified"
14.1,14.1,13.24,https://www.leagueoflegends.com/en-us/news/game-updates/patch-14-1-notes/,QoL Changes & Bugfixes,,,,"Trinket wards have been updated to display the same visual effects as control wards when placing them. ... This is intended to further clarify the range that wards cover, especially with the terrain changes releasing this patch.",wording,borderline,"tooltip improvement or clarification, not a stated bug; weak text signal; subject not identified"
13.23,13.23,13.22,https://www.leagueoflegends.com/en-us/news/game-updates/patch-13-23-notes/,Turret Gold Adjustments / TOOLTIP CHANGES,,,,Gold reward tooltips updated to show both local and global turret gold.,other,borderline,not phrased as a fix; subject not identified
13.23,13.23,13.22,https://www.leagueoflegends.com/en-us/news/game-updates/patch-13-23-notes/,Turret Gold Adjustments / TOOLTIP CHANGES,,,,Updated formatting of other turret item tooltips.,other,borderline,"tooltip improvement or clarification, not a stated bug; formatting only; not phrased as a fix; subject not identified"
13.22,13.22,13.21,https://www.leagueoflegends.com/en-us/news/game-updates/patch-13-22-notes/,Bugfixes & QoL Changes,Janna,janna,W,Fixed an issue that caused Janna's W tooltip to display incorrect information.,other,high,
13.22,13.22,13.21,https://www.leagueoflegends.com/en-us/news/game-updates/patch-13-22-notes/,Bugfixes & QoL Changes,Recurve Bow,,,Fixed a bug where Recurve Bow's tooltip was incorrect.,other,high,
13.21,13.21,13.20,https://www.leagueoflegends.com/en-us/news/game-updates/patch-13-21-notes/,Champions,K’Sante Q - Ntofo Strikes,,,Tooltip Update: Tooltip now always shows Resists/Health needed for cooldown and cast time reductions. All Out tooltip has been simplified and updated.,typed_number,borderline,not phrased as a fix; subject not identified
13.21,13.21,13.20,https://www.leagueoflegends.com/en-us/news/game-updates/patch-13-21-notes/,Champions,K’Sante W - Path Maker,,,Tooltip Update: All Out tooltip has been simplified and updated.,other,borderline,not phrased as a fix; subject not identified
13.20,13.20,13.19,https://www.leagueoflegends.com/en-us/news/game-updates/patch-13-20-notes/,Champions,K'Sante Q - Ntofo Strikes,ksante,Q,Stat Check: Shift-Tooltip now shows your progress on the Armor/MR and HP for cooldown and cast time,typed_number,borderline,"tooltip improvement or clarification, not a stated bug; not phrased as a fix"
13.19,13.19,13.18,https://www.leagueoflegends.com/en-us/news/game-updates/patch-13-19-notes/,Champions,Briar W - Blood Frenzy,briar,W,Tooltip Update: W - Blood Frenzy's tooltip now clarifies that casting W does not remove or replace the empowered Blood Frenzy granted by R.,wording,borderline,"tooltip improvement or clarification, not a stated bug; not phrased as a fix"
13.19,13.19,13.18,https://www.leagueoflegends.com/en-us/news/game-updates/patch-13-19-notes/,Champions,Gangplank,gangplank,,"So instead we're giving him some power in his more unique niches: ultimate upgrades and his ability to affect two parts of the map at once. ... Some of his tooltips are hooked up in weird ways, so the tooltips for his upgrades won't be updated until the next patch.",typed_number,borderline,"designer context, not a change line; not phrased as a fix"
13.18,13.18,13.17,https://www.leagueoflegends.com/en-us/news/game-updates/patch-13-18-notes/,Champions,Kayn R - Umbral Trespass,kayn,R,Darkin Version Damage Dealt: 15% (+13% per 100 bonus AD) of target’s maximum health ⇒ 15% (+10% per 100 bonus AD) of target’s maximum health (Note: still heals for 65% of the tooltip damage),wording,borderline,balance change line; not phrased as a fix
13.17,13.17,13.16,https://www.leagueoflegends.com/en-us/news/game-updates/patch-13-17-notes/,Bugfixes & QoL Changes,,,,Added visual clarifications between Role and Role Description.,wording,borderline,"tooltip improvement or clarification, not a stated bug; subject not identified"
13.16,13.16,13.15,https://www.leagueoflegends.com/en-us/news/game-updates/patch-13-16-notes/,Surrender QoL Updates,,,,"The surrender box text has been updated to reflect the type of surrender vote being called: Surrender, AFK Surrender, or Remake.",other,borderline,weak text signal; not phrased as a fix; subject not identified
13.15,13.15,13.14,https://www.leagueoflegends.com/en-us/news/game-updates/patch-13-15-notes/,Arena Balance Adjustments / Bugfixes,Gangplank,gangplank,R,Fixed a bug that was causing Gangplank’s R Silver Serpent upgrades to not correctly display the icons.,other,borderline,game mode: Arena; weak text signal
13.15,13.15,13.14,https://www.leagueoflegends.com/en-us/news/game-updates/patch-13-15-notes/,Bugfixes & QoL Changes / BUGFIXES,Axiom Arc,,,Fixed a bug where Axiom Arc’s description would display 0% of the cooldown refunded from the player’s ultimate.,typed_number,high,
13.14,13.14,13.13,https://www.leagueoflegends.com/en-us/news/game-updates/patch-13-14-notes/,Mid-Patch Updates / 7/25/2023 - ARENA BALANCE UPDATES 2,ARENA ADJUSTMENTS,,,One more quick note. ... We are aware that there are some level up tooltips that may be incorrect within Arena.,typed_number,borderline,"designer context, not a change line; game mode: ARENA"
13.7,13.7,13.6,https://www.leagueoflegends.com/en-us/news/game-updates/patch-13-7-notes/,Bugfixes & QoL Changes,Seraph's Embrace Bugfixes,,,Fixed a bug that was causing Seraph’s Embrace to not accurately display the remaining cooldown.,typed_number,borderline,weak text signal
13.6,13.6,13.5,https://www.leagueoflegends.com/en-us/news/game-updates/patch-13-6-notes/,Competitive,,,,Clarified the lobby tooltip for ranked duo queue restriction when one player's MMR is at Master tier or above.,wording,borderline,"mentions non-ability text or visuals; tooltip improvement or clarification, not a stated bug; not phrased as a fix; subject not identified"
13.5,13.5,13.4,https://www.leagueoflegends.com/en-us/news/game-updates/patch-13-5-notes/,Champions,Yuumi Q - Prowling Projectile,yuumi,Q,Ability Description: Yuumi fires a missile that slows the first enemy hit.,typed_number,borderline,not phrased as a fix
13.5,13.5,13.4,https://www.leagueoflegends.com/en-us/news/game-updates/patch-13-5-notes/,Champions,Yuumi R - Final Chapter,yuumi,R,"Ability Description: For 3.5 seconds, Yuumi fires 5 magical waves that affect enemies and allies.",typed_number,borderline,not phrased as a fix
13.5,13.5,13.4,https://www.leagueoflegends.com/en-us/news/game-updates/patch-13-5-notes/,Bugfixes & QoL Changes / Bugfixes,Azir,azir,,Fixed a bug that caused Azir’s range indicator to display incorrectly while controlling Sand Soldiers to attack.,typed_number,borderline,weak text signal
13.4,13.4,13.3,https://www.leagueoflegends.com/en-us/news/game-updates/patch-13-4-notes/,Bugfixes & QoL Changes / Bugfixes,Jarvan IV,jarvaniv,W,Fixed a bug that caused Jarvan’s W - Golden Aegis tooltip calculation to not account for its new AD ratio.,typed_number,high,
13.4,13.4,13.3,https://www.leagueoflegends.com/en-us/news/game-updates/patch-13-4-notes/,Bugfixes & QoL Changes / Bugfixes,"Jak'Sho, The Protean",,,Fixed a bug that caused Jak’Sho’s in-game descriptions to display the value of damage from it’s passive instead of its scaling.,typed_number,high,
13.4,13.4,13.3,https://www.leagueoflegends.com/en-us/news/game-updates/patch-13-4-notes/,Bugfixes & QoL Changes / Bugfixes,Radiant Virtue,,,Fixed a bug that caused Radiant Virtue’s percent heal number in the item tooltip to be inaccurate.,typed_number,high,
13.4,13.4,13.3,https://www.leagueoflegends.com/en-us/news/game-updates/patch-13-4-notes/,Bugfixes & QoL Changes / Bugfixes,Gangplank,gangplank,R,Fixed a bug that caused Gangplank’s R - Cannon Barrage upgrades to not display tooltips when hovered over.,other,borderline,"tooltip not appearing, not wrong text"
13.4,13.4,13.3,https://www.leagueoflegends.com/en-us/news/game-updates/patch-13-4-notes/,Bugfixes & QoL Changes / Aurelion Sol Bugfixes and QoL Updates,,,,Updated Breath of Light below the line text to reflect Breath of Light lockout on cancellation.,other,borderline,weak text signal; subject not identified
13.4,13.4,13.3,https://www.leagueoflegends.com/en-us/news/game-updates/patch-13-4-notes/,Bugfixes & QoL Changes / Aurelion Sol Bugfixes and QoL Updates,Aurelion Sol,aurelionsol,,Fixed a bug that caused Aurelion Sol’s ability descriptions to not show up in death recap.,other,borderline,mentions non-ability text or visuals
13.3,13.3,13.1,https://www.leagueoflegends.com/en-us/news/game-updates/patch-13-3-notes/,Mid-Patch Updates / 2/14/2023 MID-PATCH UPDATE,Oracle Lens,,,Updated Oracle Lens so that is now more accurately displays the silhouette of units within its range,typed_number,borderline,weak text signal
13.3,13.3,13.1,https://www.leagueoflegends.com/en-us/news/game-updates/patch-13-3-notes/,Champions,Aurelion Sol Q - Breath of Light,aurelionsol,Q,"Full Ability Description: Aurelion Sol breathes starfire for up to (3.25/3.25/3.25/3.25/9999) seconds, dealing (15/25/35/45/55 + 30-90 (scaling with level) + 60% AP) magic damage per second to the first enemy hit and 50% of the damage to surrounding enemies.",wording,borderline,not phrased as a fix
13.3,13.3,13.1,https://www.leagueoflegends.com/en-us/news/game-updates/patch-13-3-notes/,Champions,Aurelion Sol W - Astral Flight,aurelionsol,W,Full Ability Description: Aurelion Sol flies in a direction.,typed_number,borderline,not phrased as a fix
13.3,13.3,13.1,https://www.leagueoflegends.com/en-us/news/game-updates/patch-13-3-notes/,Champions,Aurelion Sol E - Singularity,aurelionsol,E,"Full Ability Description: Aurelion Sol summons a black hole, dealing (10/15/20/25/30 + 40% AP) magic damage and dragging enemies towards the center for 5 seconds.",wording,borderline,not phrased as a fix
13.3,13.3,13.1,https://www.leagueoflegends.com/en-us/news/game-updates/patch-13-3-notes/,QoL Changes & Bugfixes / CHAMPION SELECT,,,,Retired pick order & champion swapping tutorial tooltips.,other,borderline,subject not identified
13.3,13.3,13.1,https://www.leagueoflegends.com/en-us/news/game-updates/patch-13-3-notes/,QoL Changes & Bugfixes / BUGFIX BASH,Ornn,,,Fixed a bug with Ornn's forgeable items having debug strings or outdated information.,other,borderline,item text mentioning a champion
13.3,13.3,13.1,https://www.leagueoflegends.com/en-us/news/game-updates/patch-13-3-notes/,QoL Changes & Bugfixes / BUGFIXES,Neeko; Udyr,neeko;udyr,P;E,Fixed a bug where Neeko’s passive would be dispelled when disguising herself in Udyr’s E form.,wording,borderline,weak text signal
13.3,13.3,13.1,https://www.leagueoflegends.com/en-us/news/game-updates/patch-13-3-notes/,QoL Changes & Bugfixes / BUGFIXES,Mordekaiser,mordekaiser,W,Fixed a bug that caused Mordekaiser’s W tooltip to display double the value of damage taken converted to W passive.,typed_number,high,
13.3,13.3,13.1,https://www.leagueoflegends.com/en-us/news/game-updates/patch-13-3-notes/,QoL Changes & Bugfixes / BUGFIXES,Garen,garen,E,Fixed a bug that caused Garen’s E recast information tooltip to display old values.,typed_number,high,
13.3,13.3,13.1,https://www.leagueoflegends.com/en-us/news/game-updates/patch-13-3-notes/,QoL Changes & Bugfixes / BUGFIXES,Smite,,,Updated Smite’s tooltip in the champion select screen.,other,borderline,mentions non-ability text or visuals
13.1B,13.3,13.1,https://www.leagueoflegends.com/en-us/news/game-updates/patch-13-1b-notes/,Mid-Patch Updates / Hotfix Implementation,1/26/2022 Patch 13.1B Launch,,,"We thank you for your patience in this unique situation and we hope you enjoy the patch! ... Due to the micropatching process there may be a few issues with incorrect tooltips, but we are working to have these all corrected by patch 13.3.",typed_number,borderline,subject not identified
12.22,12.22,12.21,https://www.leagueoflegends.com/en-us/news/game-updates/patch-12-22-notes/,Bugfixes & QoL Changes,Dr. Mundo,drmundo,,Fixed a few inconsistencies in Dr. Mundo’s tooltips,other,high,
12.22,12.22,12.21,https://www.leagueoflegends.com/en-us/news/game-updates/patch-12-22-notes/,Bugfixes & QoL Changes,Blitzcrank,blitzcrank,P,Fixed a bug where Blitzcrank’s tooltips did not display the Passive Shield’s mana and level scaling,typed_number,high,
12.21,12.21,12.20,https://www.leagueoflegends.com/en-us/news/game-updates/patch-12-21-notes/,Bugfixes & QoL Changes,Nilah,nilah,Q,Fixed a bug where Nilah’s Q passive shield duration did not match the ability tooltip,typed_number,borderline,game behavior fixed to match the text (text was right)
12.21,12.21,12.20,https://www.leagueoflegends.com/en-us/news/game-updates/patch-12-21-notes/,Bugfixes & QoL Changes,,,,"Removed the “Show Enemy Information Tooltips” option from the game (note: we removed this functionality years ago, but are finally turning off the option, which, did nothing)",other,borderline,subject not identified
12.19,12.19,12.18,https://www.leagueoflegends.com/en-us/news/game-updates/patch-12-19-notes/,Champions / Bugfixes,Nasus,nasus,,Fixed a bug where Nasus’ damage over time text was not stacking,other,borderline,weak text signal
12.19,12.19,12.18,https://www.leagueoflegends.com/en-us/news/game-updates/patch-12-19-notes/,Bugfixes & QoL Changes,,,,Fixed a bug that was causing the Challenges tooltip to not appear when hovering over Challenges in the Identity Customizer menu,other,borderline,"mentions non-ability text or visuals; tooltip not appearing, not wrong text; subject not identified"
12.18,12.18,12.17,https://www.leagueoflegends.com/en-us/news/game-updates/patch-12-18-notes/,Challenges,,,,Challenges are Here - This is a new “limited time” challenge to thank players for their patience as we removed the very enthusiastic “Challenges are here!” tooltip.,typed_number,borderline,mentions non-ability text or visuals; not phrased as a fix; subject not identified
12.17,12.17,12.16,https://www.leagueoflegends.com/en-us/news/game-updates/patch-12-17-notes/,Ultimate Spellbook / BUGFIXES,,,,Fixed several missing translations in Ult-ernate Summoner Spell tooltips,translation,borderline,game mode: Ultimate Spellbook
12.17,12.17,12.16,https://www.leagueoflegends.com/en-us/news/game-updates/patch-12-17-notes/,Behavioral Systems,,,,"(Reminder that punishments for intentional feeding are a 14-day ban for the first transgression, and a permanent ban for the second.) Chat restrictions will be visible on the lobbies screen for yourself and any party members, as well as on individual profile pages. ... Honor restrictions applied ...",typed_number,borderline,"designer context, not a change line; mentions non-ability text or visuals; not phrased as a fix; subject not identified"
12.17,12.17,12.16,https://www.leagueoflegends.com/en-us/news/game-updates/patch-12-17-notes/,Bugfixes & QoL Changes / QOL UPDATES,Jayce; Nidalee,jayce;nidalee,,Updated tooltips on champions that can swap between melee and ranged forms (e.g. Jayce or Nidalee) so that they now dynamically update values based on whether they are in melee or ranged form.,typed_number,borderline,"tooltip improvement or clarification, not a stated bug"
12.16,12.16,12.15,https://www.leagueoflegends.com/en-us/news/game-updates/patch-12-16-notes/,Bugfixes & QoL Changes,Rell,rell,W,Fixed a bug where Rell’s buff icons would not correctly display upon casting her W.,other,borderline,weak text signal
12.16,12.16,12.15,https://www.leagueoflegends.com/en-us/news/game-updates/patch-12-16-notes/,Bugfixes & QoL Changes,Teemo,teemo,,Fixed a bug where Teemo’s tooltips did not reflect his recent mana cost changes.,typed_number,high,
12.15,12.15,12.14,https://www.leagueoflegends.com/en-us/news/game-updates/patch-12-15-notes/,Ultimate Spellbook / Bugfixes,Akali,akali,R,Akali R indicator will now correctly show as on cooldown after R2 cast,typed_number,borderline,game mode: Ultimate Spellbook
12.15,12.15,12.14,https://www.leagueoflegends.com/en-us/news/game-updates/patch-12-15-notes/,Ultimate Spellbook / Bugfixes,Kai'Sa,kaisa,R,"Kaisa R now correctly functions by applying the Plasma indicator on your own auto attacks, or any of your team's Immobilizing effects. Updated tooltip to match its usage.",other,borderline,"game mode: Ultimate Spellbook; tooltip improvement or clarification, not a stated bug"
12.15,12.15,12.14,https://www.leagueoflegends.com/en-us/news/game-updates/patch-12-15-notes/,Ultimate Spellbook / Bugfixes,,,,Fixed missing translations in tooltips for several Ult-ernate Summoner Spells,translation,borderline,game mode: Ultimate Spellbook
12.14,12.14,12.13,https://www.leagueoflegends.com/en-us/news/game-updates/patch-12-14-notes/,Bugfixes & QoL Changes / CHALLENGES,,,,The “Challenges Are Here” introduction tooltip has been removed. We felt that you had been made sufficiently aware,other,borderline,mentions non-ability text or visuals; subject not identified
12.14,12.14,12.13,https://www.leagueoflegends.com/en-us/news/game-updates/patch-12-14-notes/,Bugfixes & QoL Changes / OTHER BUGFIXES,,,,Fixed a bug where opponent summoner spell’s tooltips would display certain values as 0 if viewed before said champion is seen in game,typed_number,borderline,subject not identified
12.14,12.14,12.13,https://www.leagueoflegends.com/en-us/news/game-updates/patch-12-14-notes/,Bugfixes & QoL Changes / OTHER BUGFIXES,,,,Fixed a bug where Poro Snax in ARAM were not correctly displaying their beautiful flavor text,other,borderline,game mode: ARAM; weak text signal
12.14,12.14,12.13,https://www.leagueoflegends.com/en-us/news/game-updates/patch-12-14-notes/,Bugfixes & QoL Changes / OTHER BUGFIXES,,,,Fixed a bug where Luden’s effect missiles would sometimes affect other items’ tooltip damage trackers,other,borderline,"live stat tracker, not static text; subject not identified"
12.14,12.14,12.13,https://www.leagueoflegends.com/en-us/news/game-updates/patch-12-14-notes/,Bugfixes & QoL Changes / OTHER BUGFIXES,Jarvan IV,jarvaniv,W,Updated the tooltip on Jarvan IV’s W so that it now displays the correct information,other,borderline,"tooltip improvement or clarification, not a stated bug"
12.13,12.13,12.12,https://www.leagueoflegends.com/en-us/news/game-updates/patch-12-13-notes/,Mid-Patch Updates / Stat Boosts,,,,This will show up in the selection and within the tooltip of the spell.,typed_number,borderline,game mode: Ultimate Spellbook; not phrased as a fix
12.13,12.13,12.12,https://www.leagueoflegends.com/en-us/news/game-updates/patch-12-13-notes/,Bugfixes & QoL Changes,Shadowflame,,,Fixed a bug where Shadowflame's bonus damage tracker was displaying the incorrect amount of bonus damage,typed_number,borderline,"live stat tracker, not static text; weak text signal"
12.13,12.13,12.12,https://www.leagueoflegends.com/en-us/news/game-updates/patch-12-13-notes/,Bugfixes & QoL Changes,Ornn,ornn,P,Fixed a bug where Ornn’s progress bar when using his Passive - Living Forge would display incorrect ability names,other,borderline,weak text signal
12.13,12.13,12.12,https://www.leagueoflegends.com/en-us/news/game-updates/patch-12-13-notes/,Bugfixes & QoL Changes,Ivern,ivern,R,Fixed a bug where Ivern’s tooltip for his R - Daisy! was not showing the correct formula,other,high,
12.12,12.12,12.11,https://www.leagueoflegends.com/en-us/news/game-updates/patch-12-12-notes/,Challenges / Bugfixes & Updates,,,,“The Disrespect” challenge description has been updated for clarity,other,borderline,"mentions non-ability text or visuals; tooltip improvement or clarification, not a stated bug; subject not identified"
12.12,12.12,12.11,https://www.leagueoflegends.com/en-us/news/game-updates/patch-12-12-notes/,Bugfixes & QoL Changes,,,,Fixed a bug where error text would sometimes appear in party lobbies upon hitting the Find Match button,other,borderline,weak text signal; subject not identified
12.11,12.11,12.10,https://www.leagueoflegends.com/en-us/news/game-updates/patch-12-11-notes/,Champions / Bugfixes,Veigar,veigar,Q,Fixed a bug where Veigar's Q - Baleful Strike tooltip incorrectly stated that bonus stacks could be obtained by last hitting champions (so don't save your Q to last hit champions),wording,high,
12.11,12.11,12.10,https://www.leagueoflegends.com/en-us/news/game-updates/patch-12-11-notes/,Bugfixes & QoL Changes,Sterak's Gage,,,Fixed a bug where Sterak’s Gage would not accurately count the “Damage Blocked by Shields” tooltip counter,other,borderline,"live stat tracker, not static text"
12.10,12.10,12.9,https://www.leagueoflegends.com/en-us/news/game-updates/patch-12-10-notes/,Bugfixes & QoL Changes,,,,"TOOLTIP CLEANUP: Several tooltips have been updated for consistency, clarity, and correctness!",other,borderline,subject not identified
12.9,12.9,12.8,https://www.leagueoflegends.com/en-us/news/game-updates/patch-12-9-notes/,Bugfixes & QoL Changes,Swain,swain,,Fixed a bug where Swain’s old ability descriptions were displaying in the Champion Details Page,other,borderline,mentions non-ability text or visuals
12.9,12.9,12.8,https://www.leagueoflegends.com/en-us/news/game-updates/patch-12-9-notes/,Bugfixes & QoL Changes,Ekko,ekko,Q,Fixed a bug where Ekko’s Q - Timewinder tooltip was displaying the incorrect AP ratio,typed_number,high,
12.7,12.7,12.6,https://www.leagueoflegends.com/en-us/news/game-updates/patch-12-7-notes/,Bugfixes & QoL Changes,Redemption; Youmuu's Ghostblade; Knight's Vow,,,"Fixed a bug where the cooldown indicators on certain items (Redemption, Youmuu’s Ghostblade, and Knight’s Vow) would not accurately reflect the item’s actual cooldown timer",typed_number,borderline,weak text signal
12.7,12.7,12.6,https://www.leagueoflegends.com/en-us/news/game-updates/patch-12-7-notes/,Bugfixes & QoL Changes,Treasure Hunter,,,Fixed a bug in Treasure Hunter’s tooltip that would show 170 gold bounty available despite having already claimed the bounty on all enemy champions,typed_number,borderline,"live stat tracker, not static text"
12.7,12.7,12.6,https://www.leagueoflegends.com/en-us/news/game-updates/patch-12-7-notes/,Bugfixes & QoL Changes,Locket of the Iron Solari,,,Fixed a bug that caused Locket of the Iron Solari’s tooltip to display an incorrect shield amount,typed_number,high,
12.7,12.7,12.6,https://www.leagueoflegends.com/en-us/news/game-updates/patch-12-7-notes/,Bugfixes & QoL Changes,Lee Sin,leesin,Q,Fixed a bug that caused the tooltip for Lee Sin’s Q - Sonic Strike to display incorrect damage values,typed_number,high,
12.5,12.5,12.4,https://www.leagueoflegends.com/en-us/news/game-updates/patch-12-5-notes/,Bugfixes & QoL Changes,,,,Fixed a bug where active item cooldown timers were not correctly displaying for teammates,typed_number,borderline,weak text signal; subject not identified
12.4,12.4,12.3,https://www.leagueoflegends.com/en-us/news/game-updates/patch-12-4-notes/,Champions / Bugfixes,Veigar,veigar,Q,"Fixed Q - Baleful Strike's tooltip to correctly state that last hitting enemy champions grants 1 stack of Phenomenal Evil, not 3",typed_number,high,
12.4,12.4,12.3,https://www.leagueoflegends.com/en-us/news/game-updates/patch-12-4-notes/,Personalization,,,,Summoner Icons: You can now sort and search your summoner icons when selecting one to display! Summoner icons now display informational tooltips when you hover over them.,other,borderline,"mentions non-ability text or visuals; tooltip not appearing, not wrong text; not phrased as a fix; subject not identified"
12.4,12.4,12.3,https://www.leagueoflegends.com/en-us/news/game-updates/patch-12-4-notes/,Bugfixes & QoL Changes,Kai'Sa,kaisa,P,Kai'Sa’s ability tooltips and evolution trackers for her Passive - Second Skin's Living Weapon have been fixed and will correctly account for her bonus attack damage and attack speed,wording,borderline,"live stat tracker, not static text"
12.4,12.4,12.3,https://www.leagueoflegends.com/en-us/news/game-updates/patch-12-4-notes/,Bugfixes & QoL Changes,Teleport; Unleashed Teleport,,,Teleport and Unleashed Teleport's tooltips have been fixed and will display accurate cooldown timers,typed_number,high,
12.4,12.4,12.3,https://www.leagueoflegends.com/en-us/news/game-updates/patch-12-4-notes/,Bugfixes & QoL Changes,,,,The information displayed in the Dragon Soul buff's scoreboard tooltip has been corrected,other,borderline,mentions non-ability text or visuals; subject not identified
12.4,12.4,12.3,https://www.leagueoflegends.com/en-us/news/game-updates/patch-12-4-notes/,Bugfixes & QoL Changes,,,,Watchful and Vigilant Wardstones' tooltips have been fixed to display the correct number of wards currently placed,typed_number,borderline,"live stat tracker, not static text; subject not identified"
12.4,12.4,12.3,https://www.leagueoflegends.com/en-us/news/game-updates/patch-12-4-notes/,Bugfixes & QoL Changes,Smite,,,Smite’s tooltips in Champ Select and Collections have been restored,other,borderline,mentions non-ability text or visuals
12.3,12.3,12.2,https://www.leagueoflegends.com/en-us/news/game-updates/patch-12-3-notes/,Bugfixes & QoL Changes,Kled,kled,,Fixed a bug where Kled's Courage bar would display incorrect values upon losing Skaarl,typed_number,borderline,weak text signal
12.2,12.2,12.1,https://www.leagueoflegends.com/en-us/news/game-updates/patch-12-2-notes/,ARURF is Back!,,,,"Ring in the Lunar New Year with ARURF starting on January 26! ... (That's the All Random Ultra Rapid Fire game mode if you're new around these parts.) Beyond the normal ARURF that you know and love, we added a flipper full of changes to a couple of runes and a few surprises to the Awesome Buff of...",typed_number,borderline,"designer context, not a change line; tooltip improvement or clarification, not a stated bug; not phrased as a fix; subject not identified"
12.1,12.1,11.24,https://www.leagueoflegends.com/en-us/news/game-updates/patch-12-1-notes/,Bugfixes & QoL Changes,Watchful Wardstone; Vigilant Wardstone,,,Watchful Wardstone and Vigilant Wardstone's tooltips will now include the number of wards they currently have placed,typed_number,borderline,"live stat tracker, not static text"
11.24,11.24,11.23,https://www.leagueoflegends.com/en-us/news/game-updates/patch-11-24-notes/,Ultimate Spellbook Updates,Smite,,,AUTO-SMITE: Auto-Smite has been more aptly renamed Attack-Smite. The tooltip now also states that it has no cooldown.,typed_number,borderline,game mode: Ultimate Spellbook; not phrased as a fix
11.23,11.23,11.22,https://www.leagueoflegends.com/en-us/news/game-updates/patch-11-23-notes/,Bugfixes & QoL Changes,,,,Numerous item and rune tooltips have been updated to include stat trackers so that players can evaluate the impact of them throughout their games.,typed_number,borderline,"designer context, not a change line; live stat tracker, not static text; subject not identified"
11.23,11.23,11.22,https://www.leagueoflegends.com/en-us/news/game-updates/patch-11-23-notes/,Bugfixes & QoL Changes / Bugfixes,Yorick,yorick,E,Yorick's E - Mourning Mist tooltip now displays its AP ratio,typed_number,borderline,"tooltip improvement or clarification, not a stated bug"
11.20,11.20,11.19,https://www.leagueoflegends.com/en-us/news/game-updates/patch-11-20-notes/,Bugfixes & QoL Changes,Miss Fortune,missfortune,P,Miss Fortune's Passive - Love Tap tooltip now includes the reduction on bonus damage against minions,wording,high,
11.19,11.19,11.18,https://www.leagueoflegends.com/en-us/news/game-updates/patch-11-19-notes/,Bugfixes & QoL Changes,Predator,,,Several Predator keystone tooltips have been corrected to reflect its changes in patch 11.18,typed_number,high,
11.18,11.18,11.17,https://www.leagueoflegends.com/en-us/news/game-updates/patch-11-18-notes/,Bugfixes & QoL Changes,Singed,singed,W,Updated Singed's W - Mega Adhesive tooltip to include its Slow percentage,typed_number,high,
11.18,11.18,11.17,https://www.leagueoflegends.com/en-us/news/game-updates/patch-11-18-notes/,Bugfixes & QoL Changes,Lucian,lucian,R,Fixed Lucian's R - The Culling tooltip so that it no longer states dealing bonus damage to monsters,wording,high,
11.18,11.18,11.17,https://www.leagueoflegends.com/en-us/news/game-updates/patch-11-18-notes/,Bugfixes & QoL Changes,Ekko,ekko,P,Updated Ekko's Passive - Z-Drive Resonance tooltip to include the additional damage dealt against jungle monsters,other,high,
11.18,11.18,11.17,https://www.leagueoflegends.com/en-us/news/game-updates/patch-11-18-notes/,Bugfixes & QoL Changes,Soraka,soraka,E,Updated Soraka's E - Equinox tooltip to state that it deals damage to enemy champions only,other,high,
11.17,11.17,11.16,https://www.leagueoflegends.com/en-us/news/game-updates/patch-11-17-notes/,Bugfixes,Lillia,lillia,W,Fixed a bug where Lillia's W - Watch out! Eep!'s extended tooltip was missing the information that it deals 50% damage to minions,typed_number,high,
11.17,11.17,11.16,https://www.leagueoflegends.com/en-us/news/game-updates/patch-11-17-notes/,Bugfixes,Caitlyn,caitlyn,R,Fixed a bug where Caitlyn's R - Ace in the Hole's extended tooltip and level-up tooltip did not contain its damage ratio,typed_number,high,
11.17,11.17,11.16,https://www.leagueoflegends.com/en-us/news/game-updates/patch-11-17-notes/,Bugfixes,Cloth Armor; Refillable Potion,,,"Fixed a bug where the Cloth Armor and Refillable Potion starting bundle would display ""+1 More"" text even though it does not grant a third item",typed_number,borderline,weak text signal
11.17,11.17,11.16,https://www.leagueoflegends.com/en-us/news/game-updates/patch-11-17-notes/,Bugfixes,Nunu & Willump,nunu,E,Fixed a bug where Nunu's E - Snowball Barrage was missing its tooltip when hovering during mid-cast,wording,borderline,"tooltip not appearing, not wrong text"
11.17,11.17,11.16,https://www.leagueoflegends.com/en-us/news/game-updates/patch-11-17-notes/,Bugfixes,Nunu & Willump,nunu,E,"Fixed another bug where Nunu's E - Snowball Barrage tooltip was incorrectly displaying damage as ""total damage"" when it is actually ""per snowball""",wording,high,
11.17,11.17,11.16,https://www.leagueoflegends.com/en-us/news/game-updates/patch-11-17-notes/,Bugfixes,Ravenous Hunter,,,Fixed a bug where Ravenous Hunter was healing against wards. Its tooltip now also correctly displays the total amount of healing done,typed_number,borderline,"live stat tracker, not static text"
11.17,11.17,11.16,https://www.leagueoflegends.com/en-us/news/game-updates/patch-11-17-notes/,Bugfixes,Ornn; Eternal Winter; Everfrost,,,Fixed a bug where Eternal Winter (Everfrost's Ornn upgrade) was not displaying the actual number of champions rooted and slowed by the item's active in the inventory tooltip,typed_number,borderline,"live stat tracker, not static text; item text mentioning a champion"
11.16,11.16,11.15,https://www.leagueoflegends.com/en-us/news/game-updates/patch-11-16-notes/,Champions,Maokai,maokai,,"so the previous values of his passive’s heal reflect the bugged, in-game values. ... Now, the scaling has been corrected, and the heal from his maximum health has an even bigger bump than his tooltip would have you believe.",typed_number,borderline,"designer context, not a change line"
11.16,11.16,11.15,https://www.leagueoflegends.com/en-us/news/game-updates/patch-11-16-notes/,Bugfixes/QoL Changes,Sandshrike's Claw,,,Sandshrike's Claw’s tooltip counter for damage dealt now properly displays the amount of damage done to the enemy,typed_number,borderline,"live stat tracker, not static text"
11.15,11.15,11.14,https://www.leagueoflegends.com/en-us/news/game-updates/patch-11-15-notes/,Champions,Rumble Passive - Junkyard Titan,rumble,P,TOOLTIP: Now correctly indicates Overheat duration of 5.25 seconds (actual Overheat duration unchanged),typed_number,high,
11.15,11.15,11.14,https://www.leagueoflegends.com/en-us/news/game-updates/patch-11-15-notes/,Ultimate Spellbook Updates,,,,Fixed a bug where the announcement text for stealing a Ruined Dragon was incorrect,other,borderline,game mode: Ultimate Spellbook; weak text signal
11.14,11.14,11.13,https://www.leagueoflegends.com/en-us/news/game-updates/patch-11-14-notes/,Bugfixes/QoL Changes,,,,LEAGUE CLIENT: Fixed a memory leak with Champion Mastery tooltips,other,borderline,mentions non-ability text or visuals; subject not identified
11.13,11.13,11.12,https://www.leagueoflegends.com/en-us/news/game-updates/patch-11-13-notes/,Bugfixes/QoL Changes,Gnar,gnar,P,Fixed a bug where Mega Gnar’s base attack damage from his Passive - Rage Gene was inconsistent with its tooltip,other,borderline,game behavior fixed to match the text (text was right)
11.12,11.12,11.11,https://www.leagueoflegends.com/en-us/news/game-updates/patch-11-12-notes/,Bugfixes/QoL Changes,Warden's Mail; Randuin's Omen,,,Fixed Warden's Mail and Randuin's Omen's tooltips to properly count blocked damage from their Rock Solid passives,other,borderline,"live stat tracker, not static text"
11.11,11.11,11.10,https://www.leagueoflegends.com/en-us/news/game-updates/patch-11-11-notes/,Items,Top Lane Tank Items Warden’s Mail,,,A SOLID TOOLTIP: Tooltip now shows how much Rock Solid damage has been blocked,other,borderline,"tooltip improvement or clarification, not a stated bug; not phrased as a fix; subject not identified"
11.10,11.10,11.9,https://www.leagueoflegends.com/en-us/news/game-updates/patch-11-10-notes/,Jungle Update / Smite,Smite,,,"No longer do you have to check your Smite tooltip or buff bar when approaching an epic monster, and now you should be more equipped to secure objectives.",other,borderline,"designer context, not a change line; not phrased as a fix"
11.10,11.10,11.9,https://www.leagueoflegends.com/en-us/news/game-updates/patch-11-10-notes/,Bugfixes/QoL Changes,Sanguine Blade,,,"Fixed a bug where Sanguine Blade's ""healing from physical vamp against champions"" counter so that it accurately displays the amount of healing the user receives",typed_number,borderline,"live stat tracker, not static text; weak text signal"
11.9,11.9,11.8,https://www.leagueoflegends.com/en-us/news/game-updates/patch-11-9-notes/,Bugfixes/QoL Changes,Shurelya's Battlesong; Shurelya's Requiem,,,"Shurelya's Battlesong and Shurelya's Requiem's Inspire passive no longer counts allied champions twice for its ""Allies Motivated"" counter in its tooltip",other,borderline,"live stat tracker, not static text"
11.8,11.8,11.7,https://www.leagueoflegends.com/en-us/news/game-updates/patch-11-8-notes/,Support Mythics,Chemtech Putrifier,,,"TOOLTIP CONSISTENCY: To match Chemtech Putrifier, Ardent Censer’s tooltip has been updated to specify the requirement of another ally. Their functionality is entirely unchanged.",other,high,
11.8,11.8,11.7,https://www.leagueoflegends.com/en-us/news/game-updates/patch-11-8-notes/,Bugfixes/QoL Changes,Corki,corki,E,Corrected Corki's E - Gatling Gun's tooltip to properly match its actual values,typed_number,high,
11.8,11.8,11.7,https://www.leagueoflegends.com/en-us/news/game-updates/patch-11-8-notes/,Bugfixes/QoL Changes,Orianna,orianna,E,Fixed Orianna's tooltip which switched the damage and shield values of E - Command: Protect,typed_number,high,
11.7,11.7,11.6,https://www.leagueoflegends.com/en-us/news/game-updates/patch-11-7-notes/,Bugfixes/QoL Changes,Akali,akali,E,Fixed an issue where Akali's E - Shuriken Flip tooltip would not update its damage numbers when buying/selling items,typed_number,borderline,"display not updating during play, not static text"
11.7,11.7,11.6,https://www.leagueoflegends.com/en-us/news/game-updates/patch-11-7-notes/,Bugfixes/QoL Changes,Ornn; Bloodward; Immortal Shieldbow,,,Fixed Bloodward's item description to correctly display the AD it grants when upgraded from Immortal Shieldbow by Ornn,typed_number,borderline,item text mentioning a champion
11.7,11.7,11.6,https://www.leagueoflegends.com/en-us/news/game-updates/patch-11-7-notes/,Bugfixes/QoL Changes,Blade of The Ruined King,,,Corrected Blade of the Ruined King's Siphon damage in game to be consistent with the values in the item's tooltip in the client,typed_number,borderline,mentions non-ability text or visuals; game behavior fixed to match the text (text was right)
11.7,11.7,11.6,https://www.leagueoflegends.com/en-us/news/game-updates/patch-11-7-notes/,Bugfixes/QoL Changes,Immortal Shieldbow,,,Fixed Immortal Shieldbow's tooltip in the Collections tab to remove the mention of attack speed,wording,borderline,"mentions non-ability text or visuals; Collection tab text, not in-game text"
11.7,11.7,11.6,https://www.leagueoflegends.com/en-us/news/game-updates/patch-11-7-notes/,Bugfixes/QoL Changes,Morgana,morgana,P,Morgana's Passive - Soul Siphon now properly benefits from small and medium monsters as her tooltip states,other,borderline,game behavior fixed to match the text (text was right)
11.6,11.6,11.5,https://www.leagueoflegends.com/en-us/news/game-updates/patch-11-6-notes/,Bugfixes/QoL Changes,,,,LEAGUE CLIENT: Fixed the missing images for some Missions tooltips,wording,borderline,mentions non-ability text or visuals; subject not identified
11.6,11.6,11.5,https://www.leagueoflegends.com/en-us/news/game-updates/patch-11-6-notes/,Bugfixes/QoL Changes,Teleport,,,Fixed the formatting and vocabulary in Teleport's tooltip,other,borderline,formatting only
11.5,11.5,11.4,https://www.leagueoflegends.com/en-us/news/game-updates/patch-11-5-notes/,Mid-Patch Updates,Muramana,,,SHOCK CLARIFICATION: Basic attacks deal 1.5% max mana as bonus damage against champions.,wording,borderline,"tooltip improvement or clarification, not a stated bug; live stat tracker, not static text; weak text signal; subject not identified"
11.4,11.4,11.3,https://www.leagueoflegends.com/en-us/news/game-updates/patch-11-4-notes/,Champions,Katarina R - Death Lotus,katarina,R,"TOOLTIP CLARIFICATION: Death Lotus’ tooltip now specifies it applies on-attack effects, in addition to on-hit effects.",wording,borderline,"tooltip improvement or clarification, not a stated bug; not phrased as a fix"
11.2,11.2,11.1,https://www.leagueoflegends.com/en-us/news/game-updates/patch-11-2-notes/,Champions,Ivern,ivern,E,The nerf to Triggerseed’s AP ratio in patch 11.1 was only reflected in Ivern’s tooltips. We fixed it so it actually affects his shield now (oops).,typed_number,borderline,"designer context, not a change line"
11.2,11.2,11.1,https://www.leagueoflegends.com/en-us/news/game-updates/patch-11-2-notes/,Bugfixes/QoL Changes,Umbral Glaive; Serpent's Fang; Chempunk Chainsword,,,"Descriptions of Umbral Glaive, Serpent's Fang, and Chempunk Chainsword have been updated in the Collection tab",other,borderline,"mentions non-ability text or visuals; Collection tab text, not in-game text"
11.1,11.1,10.25,https://www.leagueoflegends.com/en-us/news/game-updates/patch-11-1-notes/,Champions,Yasuo,yasuo,,"As a reminder, Guinsoo's Rageblade was changed in 10.25 to interact differently with Yasuo and Yone's Intent passives, which also impacts their general crit power strike. ... We're also clarifying the excess crit strike chance to bonus AD conversion tooltip for easier comprehension.",wording,borderline,"designer context, not a change line; tooltip improvement or clarification, not a stated bug; not phrased as a fix"
11.1,11.1,10.25,https://www.leagueoflegends.com/en-us/news/game-updates/patch-11-1-notes/,In-Game Chat/Shop Updates,,,,Text editing works with mouse clicks for cursor positioning and drag selection,other,borderline,weak text signal; not phrased as a fix; subject not identified
10.25,10.25,10.24,https://www.leagueoflegends.com/en-us/news/game-updates/patch-10-25-notes/,Champions,Warwick,warwick,P,Passive bonus damage increased. Tooltip updated to reflect accuracy.,wording,borderline,not phrased as a fix
10.25,10.25,10.24,https://www.leagueoflegends.com/en-us/news/game-updates/patch-10-25-notes/,Champions,Warwick Passive - Eternal Hunger,warwick,P,"TOOLTIP BUGFIX: Updated tooltip from incorrectly stating that Eternal Hunger's bonus damage is 8-42 instead of 10-44, that healing is equal to damage attempted instead of damage dealt, and that below 25% health the healing is increased 300% instead of 250%",typed_number,high,
10.25,10.25,10.24,https://www.leagueoflegends.com/en-us/news/game-updates/patch-10-25-notes/,Bugfixes/QoL Changes,,,,"LEAGUE CLIENT: ""This skin is no longer available for purchase"" tooltip no longer appears at the start of Champ Select",other,borderline,mentions non-ability text or visuals; subject not identified
10.25,10.25,10.24,https://www.leagueoflegends.com/en-us/news/game-updates/patch-10-25-notes/,Bugfixes/QoL Changes,,,,"Fixed many items' tooltips to match the actual in-game values in places like Match History, End of Game screen, etc.",typed_number,borderline,mentions non-ability text or visuals; subject not identified
10.24,10.24,10.23,https://www.leagueoflegends.com/en-us/news/game-updates/patch-10-24-notes/,Champions,Varus,varus,Q+W+R,"Q Blight detonation cooldown reduction removed; damage from Blight effects detonated with Q are now increased by the amount of time Varus charges it for, up to 50%; Q now shows crit text when fully charged.",typed_number,borderline,"tooltip improvement or clarification, not a stated bug; weak text signal; not phrased as a fix"
10.24,10.24,10.23,https://www.leagueoflegends.com/en-us/news/game-updates/patch-10-24-notes/,Bugfixes/QoL Changes,,,,"LEAGUE CLIENT: When the minimum resolution for the client is selected, Summoner Spell descriptions should not longer be blocked",other,borderline,mentions non-ability text or visuals; subject not identified
10.24,10.24,10.23,https://www.leagueoflegends.com/en-us/news/game-updates/patch-10-24-notes/,Bugfixes/QoL Changes,,,,LEAGUE CLIENT: The “This skin is currently not available to purchase” tooltip should no longer appear when entering Champion Select,other,borderline,mentions non-ability text or visuals; subject not identified
10.24,10.24,10.23,https://www.leagueoflegends.com/en-us/news/game-updates/patch-10-24-notes/,Bugfixes/QoL Changes,Silvermere Dawn,,,Silvermere Dawn no longer increases movement speed and its tooltip now reflects as such,other,borderline,balance change line
10.24,10.24,10.23,https://www.leagueoflegends.com/en-us/news/game-updates/patch-10-24-notes/,Bugfixes/QoL Changes,Hextech Rocketbelt; Galeforce; Stridebreaker,,,"Fixed Hextech Rocketbelt's, Galeforce's, and Stridebreaker's tooltips to indicate that their dashes cannot pass through terrain",other,high,
10.23,10.23,10.22,https://www.leagueoflegends.com/en-us/news/game-updates/patch-10-23-notes/,Mid-Patch Updates,Ashe; Guinsoo's Rageblade; Rageknife,ashe,P,FROST SHOT: Ashe's basic attacks against enemies affected by Frost Shot no longer deal bonus damage based on her crit chance if she owns Guinsoo's Rageblade or Rageknife (tooltip will be updated next patch),wording,borderline,designer note: tooltip lags a change
10.23,10.23,10.22,https://www.leagueoflegends.com/en-us/news/game-updates/patch-10-23-notes/,Bugfixes/QoL Changes,Sona,sona,E,Sona's E - Song of Celerity's tooltip now properly states her allies will get 10% bonus move speed,typed_number,high,
10.23,10.23,10.22,https://www.leagueoflegends.com/en-us/news/game-updates/patch-10-23-notes/,Bugfixes/QoL Changes,Kindred,kindred,P,Kindred's Passive - Mark of the Kindred's tooltip no longer shows zeroes in place of real values,typed_number,high,
10.21,10.21,10.20,https://www.leagueoflegends.com/en-us/news/game-updates/patch-10-21-notes/,Bugfixes/QoL Changes,Nami,nami,W,Corrected Nami's W - Ebb and Flow's AP ratio in the tooltip from 1.5 AP to 0.5 AP,typed_number,high,
10.20,10.20,10.19,https://www.leagueoflegends.com/en-us/news/game-updates/patch-10-20-notes/,Bugfixes/QoL Changes,Vladimir,vladimir,Q,Corrected Vladimir's Q - Transfusion tooltip to include information about his healing reduction versus minions,typed_number,high,
10.20,10.20,10.19,https://www.leagueoflegends.com/en-us/news/game-updates/patch-10-20-notes/,Bugfixes/QoL Changes,Evelynn,evelynn,P,Corrected Evelynn's Passive - Demon Shade cooldown tooltip from 2 seconds to 1.5 seconds,typed_number,high,
10.19,10.19,10.18,https://www.leagueoflegends.com/en-us/news/game-updates/patch-10-19-notes/,Mid-Patch Updates,Rek'Sai,reksai,W,W - BURROW MOVEMENT SPEED BUGFIX: Fixed a bug where Rek'Sai was granted double the movement speed mentioned in W - Burrow's tooltip when casting the ability.,wording,borderline,game behavior fixed to match the text (text was right)
10.19,10.19,10.18,https://www.leagueoflegends.com/en-us/news/game-updates/patch-10-19-notes/,Bugfixes/QoL Changes,Teleport; Cosmic Insight,,,Teleport's cooldown tooltip now properly updates when using Cosmic Insight,typed_number,borderline,"display not updating during play, not static text"
10.18,10.18,10.16,https://www.leagueoflegends.com/en-us/news/game-updates/patch-10-18-notes/,Champions,Shyvana,shyvana,E,"Previously, dragon Shyvana's radius on her E scaled with her Flame Breath rank-ups, but this effect was not accurately represented in her visuals or the tooltip.",translation,borderline,"designer context, not a change line"
10.18,10.18,10.16,https://www.leagueoflegends.com/en-us/news/game-updates/patch-10-18-notes/,League Client Updates,,,,A missing translation has been found and fixed for specific patcher notifications,translation,borderline,subject not identified
10.18,10.18,10.16,https://www.leagueoflegends.com/en-us/news/game-updates/patch-10-18-notes/,Bugfixes/QoL Changes,,,,"There are new tooltips in the Clash hub that explains how players can form or find a team, as well as give suggestions when a player first visits the page",wording,borderline,mentions non-ability text or visuals; subject not identified
10.18,10.18,10.16,https://www.leagueoflegends.com/en-us/news/game-updates/patch-10-18-notes/,Bugfixes/QoL Changes,,,,Colors have changed across the board on all tooltips. The aim is for them to be easier to read and get to important information faster.,other,borderline,subject not identified
10.16,10.16,10.15,https://www.leagueoflegends.com/en-us/news/game-updates/patch-10-16-notes/,Bugfixes/QoL Changes,,,,LEAGUE CLIENT: Fixed an issue where tooltips for items in Item Sets would not always display,other,borderline,mentions non-ability text or visuals; subject not identified
10.14,10.14,10.13,https://www.leagueoflegends.com/en-us/news/game-updates/patch-10-14-notes/,Bugfixes/QoL Changes,Karthus,karthus,E,Karthus' E - Defile tooltip now accurately mentions the increased mana cost per second at each level,typed_number,high,
10.14,10.14,10.13,https://www.leagueoflegends.com/en-us/news/game-updates/patch-10-14-notes/,Bugfixes/QoL Changes,,,,"When hovering over unleveled abilities, the ability's tooltip now properly informs the player that the ability has not yet been learned (""You have not yet learned this ability!"")",other,borderline,"tooltip not appearing, not wrong text; subject not identified"
10.14,10.14,10.13,https://www.leagueoflegends.com/en-us/news/game-updates/patch-10-14-notes/,Bugfixes/QoL Changes,Aphelios,aphelios,R,Aphelios' R - Moonlight Vigil's damage now properly matches the ability's tooltip when used with critical strike items,other,borderline,game behavior fixed to match the text (text was right)
10.13,10.13,10.12,https://www.leagueoflegends.com/en-us/news/game-updates/patch-10-13-notes/,Mid-Patch Updates,Nocturne,nocturne,Q,"Q - DUSKBRINGER BUGFIX: Fixed a bug where Nocturne's Dusk Trail would display incorrectly after he died, showing up two steps ahead of Nocturne and not buff him appropriately for the rest of the game",other,borderline,weak text signal
10.13,10.13,10.12,https://www.leagueoflegends.com/en-us/news/game-updates/patch-10-13-notes/,Bugfixes/QoL Changes,Glacial Augment,,,Glacial Augment’s tooltip no longer references targets hit by Energized-empowered attacks,wording,borderline,game mode: Augment
10.13,10.13,10.12,https://www.leagueoflegends.com/en-us/news/game-updates/patch-10-13-notes/,Bugfixes/QoL Changes,Sion,sion,W,Sion's W - Soul Furnace tooltip now properly indicates that its passive grants 4 maximum health when activated,typed_number,high,
10.13,10.13,10.12,https://www.leagueoflegends.com/en-us/news/game-updates/patch-10-13-notes/,Bugfixes/QoL Changes,Fiddlesticks,fiddlesticks,E,Fiddlesticks' E - Reap tooltip now properly contains information about increasing mana cost,typed_number,high,
10.12,10.12,10.11,https://www.leagueoflegends.com/en-us/news/game-updates/patch-10-12-notes/,Bugfixes,Hecarim,hecarim,Q,Hecarim's Q - Rampage tooltip in the Collection tab has been updated to accurately reflect its latest state,other,borderline,"mentions non-ability text or visuals; Collection tab text, not in-game text"
10.12,10.12,10.11,https://www.leagueoflegends.com/en-us/news/game-updates/patch-10-12-notes/,Bugfixes,Swain,swain,R,Swain's R - Demonic Ascension/Demonflare tooltip in the Collection tab has been updated to accurately reflect its latest state,other,borderline,"mentions non-ability text or visuals; Collection tab text, not in-game text"
10.12,10.12,10.11,https://www.leagueoflegends.com/en-us/news/game-updates/patch-10-12-notes/,Bugfixes,,,,Cloud Soul's tooltip now accurately reflects its latest state,other,borderline,subject not identified
10.12,10.12,10.11,https://www.leagueoflegends.com/en-us/news/game-updates/patch-10-12-notes/,Bugfixes,Rengar,rengar,P,Rengar's Passive - Unseen Predator's name and description are no longer missing in Death Recap,wording,borderline,mentions non-ability text or visuals
10.12,10.12,10.11,https://www.leagueoflegends.com/en-us/news/game-updates/patch-10-12-notes/,Bugfixes,Bard,bard,P,Bard's Passive - Traveler's Call's name and description are no longer missing in Death Recap,wording,borderline,mentions non-ability text or visuals
10.12,10.12,10.11,https://www.leagueoflegends.com/en-us/news/game-updates/patch-10-12-notes/,Bugfixes,Kog'Maw,kogmaw,Q,Kog'Maw's Q - Caustic Spittle in-game tooltip has been updated to correctly reflect its latest state,other,borderline,"tooltip improvement or clarification, not a stated bug"
10.12,10.12,10.11,https://www.leagueoflegends.com/en-us/news/game-updates/patch-10-12-notes/,Bugfixes,Sion,sion,Q,Sion's Q - Decimating Smash 's tooltip now properly indicates that his total attack damage modifier is increased when cast,wording,high,
10.12,10.12,10.11,https://www.leagueoflegends.com/en-us/news/game-updates/patch-10-12-notes/,Bugfixes,Riven,riven,Q,Riven's Q - Broken Wings 's tooltip has been corrected to remove the attack speed gain,other,high,
10.9,10.9,10.8,https://www.leagueoflegends.com/en-us/news/game-updates/patch-10-9-notes/,Essence Emporium Returns,,,,"To get a full list of icons that can be acquired from each box, please check the item description",other,borderline,not phrased as a fix; subject not identified
10.8,10.8,10.7,https://www.leagueoflegends.com/en-us/news/game-updates/patch-10-8-notes/,Champions,Urgot E - Disdain,urgot,E,"STUN BUGFIX: Urgot now properly has a total CC duration of 1.5 seconds, including stun duration and time elapsed when enemy champion is flung, as intended from patch 10.6. ... (tooltip also now correctly reflects said total CC duration).",typed_number,high,
10.1,10.1,9.24,https://www.leagueoflegends.com/en-us/news/game-updates/patch-10-1-notes/,Runes,Conqueror,,,Now shows the total healing in its tooltip.,typed_number,borderline,"tooltip improvement or clarification, not a stated bug; not phrased as a fix"
10.1,10.1,9.24,https://www.leagueoflegends.com/en-us/news/game-updates/patch-10-1-notes/,Runes,Conqueror,,,"HEALING DISPLAY: Now shows the total healing gained in the tooltip, including when hovering over the rune on the scoreboard",typed_number,borderline,"mentions non-ability text or visuals; tooltip improvement or clarification, not a stated bug; tooltip not appearing, not wrong text; not phrased as a fix"
